topic,query
401k early withdrawal,how to withdraw from 401k early
401k early withdrawal,401k early withdrawal penalty
401k early withdrawal,how do i take money out of my 401k early
401k early withdrawal,what is the penalty for withdrawing from a 401k early
401k early withdrawal,can i withdraw from my 401k before retirement
401k early withdrawal,401k early withdrawal penalty how much
401k early withdrawal,how to cash out a 401k early
401k early withdrawal,penalty for early withdrawal from 401(k)
401k early withdrawal,steps to withdraw funds from my 401k early
401k early withdrawal,do you pay a penalty for early 401k withdrawal
401k early withdrawal,how to do an early distribution from 401k
401k early withdrawal,how much is the early withdrawal penalty on a 401k
401k early withdrawal,ways to access your 401k early
401k early withdrawal,401k early distribution penalty rate
401k early withdrawal,how can i get money out of my 401k early
401k early withdrawal,what penalties apply to 401k early withdrawals
401k early withdrawal,how to withdraw from a 401k before age 59 1/2
401k early withdrawal,is there a penalty for taking money out of my 401k early
401k early withdrawal,how to pull funds out of 401k early
401k early withdrawal,early withdrawal fee for 401k
401k early withdrawal,how to take an early distribution from my 401k
401k early withdrawal,taxes and penalties for early 401k withdrawal
AAA alternative Minneapolis,AAA alternative roadside assistance Minneapolis
AAA alternative Minneapolis,alternative to AAA roadside assistance Minneapolis
AAA alternative Minneapolis,roadside assistance alternatives to AAA in Minneapolis
AAA alternative Minneapolis,best roadside assistance services besides AAA Minneapolis
AAA alternative Minneapolis,AAA alternative for tow and roadside help Minneapolis
AAA alternative Minneapolis,cheap roadside assistance options other than AAA Minneapolis
AAA alternative Minneapolis,local tow and roadside assistance not AAA Minneapolis
AAA alternative Minneapolis,companies like AAA for roadside assistance in Minneapolis
AAA alternative Minneapolis,who offers roadside assistance besides AAA near Minneapolis
AAA alternative Minneapolis,roadside assistance memberships similar to AAA Minneapolis
AAA alternative Minneapolis,emergency roadside service alternatives to AAA Minneapolis
AAA alternative Raleigh,AAA alternative roadside assistance Raleigh
AAA alternative Raleigh,alternative to AAA roadside assistance Raleigh
AAA alternative Raleigh,roadside assistance alternatives to AAA in Raleigh
AAA alternative Raleigh,best roadside assistance services besides AAA Raleigh
AAA alternative Raleigh,AAA alternative for tow and roadside help Raleigh
AAA alternative Raleigh,cheap roadside assistance options other than AAA Raleigh
AAA alternative Raleigh,local tow and roadside assistance not AAA Raleigh
AAA alternative Raleigh,companies like AAA for roadside assistance in Raleigh
AAA alternative Raleigh,who offers roadside assistance besides AAA near Raleigh
AAA alternative Raleigh,roadside assistance memberships similar to AAA Raleigh
AAA alternative Raleigh,emergency roadside service alternatives to AAA Raleigh
AAA alternative Phoenix,AAA alternative roadside assistance Phoenix
AAA alternative Phoenix,alternative to AAA roadside assistance Phoenix
AAA alternative Phoenix,roadside assistance alternatives to AAA in Phoenix
AAA alternative Phoenix,best roadside assistance services besides AAA Phoenix
AAA alternative Phoenix,AAA alternative for tow and roadside help Phoenix
AAA alternative Phoenix,cheap roadside assistance options other than AAA Phoenix
AAA alternative Phoenix,local tow and roadside assistance not AAA Phoenix
AAA alternative Phoenix,companies like AAA for roadside assistance in Phoenix
AAA alternative Phoenix,who offers roadside assistance besides AAA near Phoenix
AAA alternative Phoenix,roadside assistance memberships similar to AAA Phoenix
AAA alternative Phoenix,emergency roadside service alternatives to AAA Phoenix
AARP dating reviews,AARP dating site reviews
AARP dating reviews,AARP dating reviews
AARP dating reviews,AARP dating site user reviews
AARP dating reviews,reviews of the AARP dating site
AARP dating reviews,AARP online dating site reviews
AARP dating reviews,AARP dating site ratings and reviews
AARP dating reviews,what are people saying about the AARP dating site
AARP dating reviews,is the AARP dating site any good reviews
AARP dating reviews,AARP dating site reviews and experiences
AARP dating reviews,customer reviews for AARP dating site
AARP dating reviews,AARP dating site pros and cons reviews
AC emergency repair Seattle,AC broken emergency repair Seattle
AC emergency repair Seattle,emergency AC repair Seattle
AC emergency repair Seattle,24/7 emergency AC repair Seattle
AC emergency repair Seattle,urgent AC repair Seattle
AC emergency repair Seattle,emergency air conditioner repair Seattle
AC emergency repair Seattle,air conditioner not working emergency repair Seattle
AC emergency repair Seattle,emergency a/c repair Seattle
AC emergency repair Seattle,emergency repair for broken AC Seattle
AC emergency repair Seattle,broken AC emergency service Seattle
AC emergency repair Seattle,urgent aircon repair Seattle
AC emergency repair Seattle,24 hour AC emergency repair Seattle
AC emergency repair Anchorage,AC broken emergency repair Anchorage
AC emergency repair Anchorage,emergency AC repair Anchorage
AC emergency repair Anchorage,24/7 emergency AC repair Anchorage
AC emergency repair Anchorage,urgent AC repair Anchorage
AC emergency repair Anchorage,emergency air conditioner repair Anchorage
AC emergency repair Anchorage,air conditioner not working emergency repair Anchorage
AC emergency repair Anchorage,emergency a/c repair Anchorage
AC emergency repair Anchorage,emergency repair for broken AC Anchorage
AC emergency repair Anchorage,broken AC emergency service Anchorage
AC emergency repair Anchorage,urgent aircon repair Anchorage
AC emergency repair Anchorage,24 hour AC emergency repair Anchorage
AC emergency repair Omaha,AC broken emergency repair Omaha
AC emergency repair Omaha,emergency AC repair Omaha
AC emergency repair Omaha,24/7 emergency AC repair Omaha
AC emergency repair Omaha,urgent AC repair Omaha
AC emergency repair Omaha,emergency air conditioner repair Omaha
AC emergency repair Omaha,air conditioner not working emergency repair Omaha
AC emergency repair Omaha,emergency a/c repair Omaha
AC emergency repair Omaha,emergency repair for broken AC Omaha
AC emergency repair Omaha,broken AC emergency service Omaha
AC emergency repair Omaha,urgent aircon repair Omaha
AC emergency repair Omaha,24 hour AC emergency repair Omaha
AT&T cancel,how to cancel AT&T plan
AT&T cancel,AT&T customer service number
AT&T cancel,cancel AT&T internet service
AT&T cancel,how do I cancel my AT&T plan
AT&T cancel,AT&T customer service phone number
AT&T cancel,how to cancel AT&T internet service
AT&T cancel,steps to cancel an AT&T plan
AT&T cancel,AT&T support number
AT&T cancel,disconnect AT&T internet service
AT&T cancel,can I cancel my AT&T plan online
AT&T cancel,phone number for AT&T customer service
AT&T cancel,how to end AT&T internet service
AT&T cancel,how to stop my AT&T plan
AT&T cancel,how to reach AT&T customer service by phone
AT&T cancel,cancel AT&T home internet
AT&T cancel,what is the process to cancel AT&T plan
AT&T cancel,AT&T customer care number
AT&T cancel,how do I cancel AT&T internet
AT&T cancel,terminate AT&T plan instructions
AT&T cancel,contact number for AT&T
AT&T cancel,how to disconnect AT&T internet
AT&T cancel,how can I cancel AT&T wireless plan
AT&T cancel,AT&T support phone
AT&T cancel,steps to cancel AT&T internet service
AT&T cancel,cancel my AT&T service plan
AT&T cancel,how to call AT&T customer service
AT&T cancel,request to cancel AT&T internet
AT&T cancel,how to end my AT&T plan and account
AT&T cancel,phone number for AT&T support
AT&T cancel,stop AT&T internet service
AT&T cancel,how do I cancel a plan with AT&T
AT&T cancel,AT&T customer service contact number
AT&T cancel,how to cancel my AT&T internet plan
Access retirement account early,how to access retirement account early
Access retirement account early,how can I access my retirement account early
Access retirement account early,can I withdraw from my retirement account before retirement
Access retirement account early,early access to retirement account rules
Access retirement account early,how to take money out of a retirement account early
Access retirement account early,options for accessing retirement account funds early
Access retirement account early,penalties for withdrawing from a retirement account early
Access retirement account early,what are the requirements to access retirement account early
Access retirement account early,withdrawing from 401(k) before retirement how to
Access retirement account early,how to access IRA funds early
Access retirement account early,steps to access a retirement account before retirement age
Air fryer,best air fryer 2026
Air fryer,best air fryer 2026
Air fryer,best air fryers 2026
Air fryer,top air fryers 2026
Air fryer,best air fryer of 2026
Air fryer,best-rated air fryer 2026
Air fryer,best air fryer models 2026
Air fryer,which air fryer is best 2026
Air fryer,best air fryer reviews 2026
Air fryer,2026 best air fryer recommendations
Air fryer,top-rated air fryer 2026
Air purifier allergies,best air purifier for allergies
Air purifier allergies,what is the best air purifier for allergies
Air purifier allergies,best air purifier to help with allergies
Air purifier allergies,top air purifiers for allergy sufferers
Air purifier allergies,which air purifier is best for allergies
Air purifier allergies,best HEPA air purifier for allergies
Air purifier allergies,best air purifier for indoor allergies
Air purifier allergies,air purifier recommendations for allergies
Air purifier allergies,best budget air purifier for allergies
Air purifier allergies,best whole-room air purifier for allergies
Air purifier allergies,how to choose the best air purifier for allergies
Amazon Prime cancel,how to cancel Amazon Prime
Amazon Prime cancel,Amazon customer service phone number
Amazon Prime cancel,how do I cancel Amazon Prime
Amazon Prime cancel,Amazon customer service number
Amazon Prime cancel,cancel Amazon Prime membership
Amazon Prime cancel,phone number for Amazon customer service
Amazon Prime cancel,how can I cancel my Amazon Prime subscription
Amazon Prime cancel,contact Amazon by phone
Amazon Prime cancel,steps to cancel Amazon Prime
Amazon Prime cancel,Amazon support phone number
Amazon Prime cancel,how to end my Amazon Prime membership
Amazon Prime cancel,what is Amazon customer service phone number
Amazon Prime cancel,cancel Prime membership on Amazon account
Amazon Prime cancel,call Amazon customer service number
Amazon Prime cancel,how do I stop my Amazon Prime subscription
Amazon Prime cancel,Amazon help phone number
Amazon Prime cancel,remove Amazon Prime subscription from account
Amazon Prime cancel,phone number to reach Amazon customer support
Amazon Prime cancel,how to turn off Amazon Prime auto renewal
Amazon Prime cancel,Amazon customer service contact number
Amazon Prime cancel,how do I cancel Prime on my account
Amazon Prime cancel,Amazon customer service phone
Amazon customer service,how to contact Amazon customer service
Amazon customer service,how do I contact Amazon customer service
Amazon customer service,how to reach Amazon customer service
Amazon customer service,Amazon customer service phone number
Amazon customer service,how to get in touch with Amazon customer support
Amazon customer service,contact Amazon customer service live chat
Amazon customer service,how can I contact Amazon support
Amazon customer service,ways to contact Amazon customer service
Amazon customer service,Amazon customer support contact information
Amazon customer service,how to contact Amazon customer service by phone
Amazon customer service,Amazon customer service email address
American Airlines,change American Airlines flight
American Airlines,American Airlines phone number change ticket
American Airlines,how to change an American Airlines flight
American Airlines,American Airlines phone number to change a ticket
American Airlines,change my American Airlines flight online
American Airlines,phone number for American Airlines ticket changes
American Airlines,can I change an American Airlines flight reservation
American Airlines,how to call American Airlines to change a ticket
American Airlines,American Airlines change flight policy and fees
American Airlines,American Airlines customer service number for changing tickets
American Airlines,reschedule my American Airlines flight
American Airlines,AA phone number to modify a ticket
American Airlines,modify an American Airlines booking
American Airlines,American Airlines contact number for ticket changes
American Airlines,how do I change a flight with American Airlines
American Airlines,what is the American Airlines phone number to change a booking
American Airlines,American Airlines flight change options
American Airlines,call American Airlines to change my ticket
American Airlines,need to change my American Airlines flight
American Airlines,how to reach American Airlines by phone to change a ticket
American Airlines,American Airlines flight change assistance
American Airlines,American Airlines phone support for changing tickets
Animal control Indianapolis,animal control number Indianapolis
Animal control Indianapolis,animal control phone number Indianapolis
Animal control Indianapolis,what is the animal control number in Indianapolis
Animal control Indianapolis,local animal control contact number Indianapolis
Animal control Indianapolis,how to reach animal control in Indianapolis
Animal control Indianapolis,animal control emergency number Indianapolis
Animal control Indianapolis,contact animal control Indianapolis
Animal control Indianapolis,animal control hotline Indianapolis
Animal control Indianapolis,phone for animal control in Indianapolis
Animal control Indianapolis,number for animal control near Indianapolis
Animal control Indianapolis,who to call for animal control in Indianapolis
Animal control Austin,animal control number Austin
Animal control Austin,animal control phone number Austin
Animal control Austin,what is the animal control number in Austin
Animal control Austin,local animal control contact number Austin
Animal control Austin,how to reach animal control in Austin
Animal control Austin,animal control emergency number Austin
Animal control Austin,contact animal control Austin
Animal control Austin,animal control hotline Austin
Animal control Austin,phone for animal control in Austin
Animal control Austin,number for animal control near Austin
Animal control Austin,who to call for animal control in Austin
Animal control Memphis,animal control number Memphis
Animal control Memphis,animal control phone number Memphis
Animal control Memphis,what is the animal control number in Memphis
Animal control Memphis,local animal control contact number Memphis
Animal control Memphis,how to reach animal control in Memphis
Animal control Memphis,animal control emergency number Memphis
Animal control Memphis,contact animal control Memphis
Animal control Memphis,animal control hotline Memphis
Animal control Memphis,phone for animal control in Memphis
Animal control Memphis,number for animal control near Memphis
Animal control Memphis,who to call for animal control in Memphis
Antivirus software,best antivirus software 2026
Antivirus software,top antivirus software 2026
Antivirus software,best antivirus programs 2026
Antivirus software,best antivirus software of 2026
Antivirus software,best antivirus software 2026 reviews
Antivirus software,which antivirus software is best 2026
Antivirus software,2026 best antivirus software rankings
Antivirus software,compare best antivirus software 2026
Antivirus software,best antivirus protection software 2026
Antivirus software,best antivirus suites 2026
Antivirus software,leading antivirus software 2026
Apple ID password reset,how to reset Apple ID password
Apple ID password reset,how do I reset my Apple ID password
Apple ID password reset,reset Apple ID password
Apple ID password reset,forgot my Apple ID password how to reset
Apple ID password reset,change Apple ID password
Apple ID password reset,how to recover Apple ID password
Apple ID password reset,steps to reset Apple ID password
Apple ID password reset,can't remember Apple ID password reset
Apple ID password reset,Apple ID password reset instructions
Apple ID password reset,reset iCloud/Apple ID password
Apple ID password reset,how to reset Apple ID password without recovery email
Apple support contact,how to contact Apple support phone number
Apple support contact,how do I contact Apple support by phone
Apple support contact,Apple support phone number
Apple support contact,phone number for Apple customer support
Apple support contact,how to call Apple support
Apple support contact,what is the phone number for Apple support
Apple support contact,Apple customer service phone number
Apple support contact,how can I reach Apple support by phone
Apple support contact,Apple technical support phone number
Apple support contact,get Apple support phone number
Apple support contact,Apple support contact number for phone help
Bank account password,how to reset bank account password
Bank account password,how do I reset my bank account password
Bank account password,reset bank account password
Bank account password,how to change my bank account password
Bank account password,forgot my bank account password how do I reset it
Bank account password,bank account password reset steps
Bank account password,how to recover bank account password
Bank account password,how to reset online banking password
Bank account password,how can I reset the password for my bank account
Bank account password,bank password reset instructions
Bank account password,where to reset bank account password
Bankruptcy attorney Detroit,bankruptcy attorney near me Detroit
Bankruptcy attorney Detroit,bankruptcy attorney near Detroit
Bankruptcy attorney Detroit,bankruptcy lawyer near Detroit
Bankruptcy attorney Detroit,find bankruptcy attorney in Detroit
Bankruptcy attorney Detroit,best bankruptcy attorney in Detroit
Bankruptcy attorney Detroit,bankruptcy law firm in Detroit
Bankruptcy attorney Detroit,chapter 7 bankruptcy attorney near Detroit
Bankruptcy attorney Detroit,affordable bankruptcy lawyer in Detroit
Bankruptcy attorney Detroit,experienced bankruptcy attorney near Detroit
Bankruptcy attorney Detroit,local bankruptcy lawyers near Detroit
Bankruptcy attorney Detroit,bankruptcy attorney near me in Detroit
Bankruptcy attorney Detroit,bankruptcy attorney near me Detroit
Bankruptcy attorney Detroit,bankruptcy attorney near Detroit
Bankruptcy attorney Detroit,bankruptcy lawyer near Detroit
Bankruptcy attorney Detroit,find bankruptcy attorney in Detroit
Bankruptcy attorney Detroit,best bankruptcy attorney in Detroit
Bankruptcy attorney Detroit,bankruptcy law firm in Detroit
Bankruptcy attorney Detroit,chapter 7 bankruptcy attorney near Detroit
Bankruptcy attorney Detroit,affordable bankruptcy lawyer in Detroit
Bankruptcy attorney Detroit,experienced bankruptcy attorney near Detroit
Bankruptcy attorney Detroit,local bankruptcy lawyers near Detroit
Bankruptcy attorney Detroit,bankruptcy attorney near me in Detroit
Bankruptcy attorney Anchorage,bankruptcy attorney near me Anchorage
Bankruptcy attorney Anchorage,bankruptcy attorney near Anchorage
Bankruptcy attorney Anchorage,bankruptcy lawyer near Anchorage
Bankruptcy attorney Anchorage,find bankruptcy attorney in Anchorage
Bankruptcy attorney Anchorage,best bankruptcy attorney in Anchorage
Bankruptcy attorney Anchorage,bankruptcy law firm in Anchorage
Bankruptcy attorney Anchorage,chapter 7 bankruptcy attorney near Anchorage
Bankruptcy attorney Anchorage,affordable bankruptcy lawyer in Anchorage
Bankruptcy attorney Anchorage,experienced bankruptcy attorney near Anchorage
Bankruptcy attorney Anchorage,local bankruptcy lawyers near Anchorage
Bankruptcy attorney Anchorage,bankruptcy attorney near me in Anchorage
Best ETF,best ETF to invest in 2026
Best ETF,best ETFs to invest in 2026
Best ETF,what is the best ETF to buy in 2026
Best ETF,top ETF picks for 2026
Best ETF,which ETF should I invest in 2026
Best ETF,best performing ETFs for 2026
Best ETF,best ETF investments 2026
Best ETF,which ETFs to buy in 2026
Best ETF,best index ETFs to invest in 2026
Best ETF,most recommended ETFs for 2026
Best ETF,best ETF to invest in for 2026
Best Italian restaurant Baltimore,best Italian restaurant Baltimore
Best Italian restaurant Baltimore,best Italian restaurant in Baltimore
Best Italian restaurant Baltimore,top Italian restaurant Baltimore
Best Italian restaurant Baltimore,best Italian restaurants in Baltimore
Best Italian restaurant Baltimore,best place for Italian food in Baltimore
Best Italian restaurant Baltimore,highest rated Italian restaurant in Baltimore
Best Italian restaurant Baltimore,where is the best Italian restaurant in Baltimore
Best Italian restaurant Baltimore,best authentic Italian restaurant Baltimore
Best Italian restaurant Baltimore,best family-style Italian restaurant in Baltimore
Best Italian restaurant Baltimore,best romantic Italian restaurant in Baltimore
Best Italian restaurant Baltimore,most popular Italian restaurant in Baltimore
Best Italian restaurant San Antonio,best Italian restaurant San Antonio
Best Italian restaurant San Antonio,best Italian restaurant in San Antonio
Best Italian restaurant San Antonio,top Italian restaurant San Antonio
Best Italian restaurant San Antonio,best Italian restaurants in San Antonio
Best Italian restaurant San Antonio,best place for Italian food in San Antonio
Best Italian restaurant San Antonio,highest rated Italian restaurant in San Antonio
Best Italian restaurant San Antonio,where is the best Italian restaurant in San Antonio
Best Italian restaurant San Antonio,best authentic Italian restaurant San Antonio
Best Italian restaurant San Antonio,best family-style Italian restaurant in San Antonio
Best Italian restaurant San Antonio,best romantic Italian restaurant in San Antonio
Best Italian restaurant San Antonio,most popular Italian restaurant in San Antonio
Best Italian restaurant Albuquerque,best Italian restaurant Albuquerque
Best Italian restaurant Albuquerque,best Italian restaurant in Albuquerque
Best Italian restaurant Albuquerque,top Italian restaurant Albuquerque
Best Italian restaurant Albuquerque,best Italian restaurants in Albuquerque
Best Italian restaurant Albuquerque,best place for Italian food in Albuquerque
Best Italian restaurant Albuquerque,highest rated Italian restaurant in Albuquerque
Best Italian restaurant Albuquerque,where is the best Italian restaurant in Albuquerque
Best Italian restaurant Albuquerque,best authentic Italian restaurant Albuquerque
Best Italian restaurant Albuquerque,best family-style Italian restaurant in Albuquerque
Best Italian restaurant Albuquerque,best romantic Italian restaurant in Albuquerque
Best Italian restaurant Albuquerque,most popular Italian restaurant in Albuquerque
Best Mexican food Austin,best Mexican food near Austin
Best Mexican food Austin,best Mexican restaurants near Austin
Best Mexican food Austin,top Mexican food spots near Austin
Best Mexican food Austin,best places for Mexican food near Austin
Best Mexican food Austin,where to find the best Mexican food near Austin
Best Mexican food Austin,best authentic Mexican restaurants near Austin
Best Mexican food Austin,best Mexican food in and around Austin
Best Mexican food Austin,highest rated Mexican restaurants near Austin
Best Mexican food Austin,best spots for Mexican food in Austin area
Best Mexican food Austin,popular Mexican restaurants near Austin
Best Mexican food Austin,where are the best Mexican restaurants near Austin
Best Mexican food Albuquerque,best Mexican food near Albuquerque
Best Mexican food Albuquerque,best Mexican restaurants near Albuquerque
Best Mexican food Albuquerque,top Mexican food spots near Albuquerque
Best Mexican food Albuquerque,best places for Mexican food near Albuquerque
Best Mexican food Albuquerque,where to find the best Mexican food near Albuquerque
Best Mexican food Albuquerque,best authentic Mexican restaurants near Albuquerque
Best Mexican food Albuquerque,best Mexican food in and around Albuquerque
Best Mexican food Albuquerque,highest rated Mexican restaurants near Albuquerque
Best Mexican food Albuquerque,best spots for Mexican food in Albuquerque area
Best Mexican food Albuquerque,popular Mexican restaurants near Albuquerque
Best Mexican food Albuquerque,where are the best Mexican restaurants near Albuquerque
Best Mexican food Honolulu,best Mexican food near Honolulu
Best Mexican food Honolulu,best Mexican restaurants near Honolulu
Best Mexican food Honolulu,top Mexican food spots near Honolulu
Best Mexican food Honolulu,best places for Mexican food near Honolulu
Best Mexican food Honolulu,where to find the best Mexican food near Honolulu
Best Mexican food Honolulu,best authentic Mexican restaurants near Honolulu
Best Mexican food Honolulu,best Mexican food in and around Honolulu
Best Mexican food Honolulu,highest rated Mexican restaurants near Honolulu
Best Mexican food Honolulu,best spots for Mexican food in Honolulu area
Best Mexican food Honolulu,popular Mexican restaurants near Honolulu
Best Mexican food Honolulu,where are the best Mexican restaurants near Honolulu
Best Thai food Dallas,best Thai food Dallas
Best Thai food Dallas,best Thai restaurants in Dallas
Best Thai food Dallas,top Thai food spots in Dallas
Best Thai food Dallas,where to find the best Thai food in Dallas
Best Thai food Dallas,best places for Thai food Dallas
Best Thai food Dallas,authentic Thai food in Dallas
Best Thai food Dallas,best Thai takeout in Dallas
Best Thai food Dallas,top-rated Thai restaurants in Dallas
Best Thai food Dallas,best Thai cuisine Dallas
Best Thai food Dallas,recommended Thai restaurants in Dallas
Best Thai food Dallas,where locals eat Thai food in Dallas
Best Thai food San Diego,best Thai food San Diego
Best Thai food San Diego,best Thai restaurants in San Diego
Best Thai food San Diego,top Thai food spots in San Diego
Best Thai food San Diego,where to find the best Thai food in San Diego
Best Thai food San Diego,best places for Thai food San Diego
Best Thai food San Diego,authentic Thai food in San Diego
Best Thai food San Diego,best Thai takeout in San Diego
Best Thai food San Diego,top-rated Thai restaurants in San Diego
Best Thai food San Diego,best Thai cuisine San Diego
Best Thai food San Diego,recommended Thai restaurants in San Diego
Best Thai food San Diego,where locals eat Thai food in San Diego
Best Thai food Portland,best Thai food Portland
Best Thai food Portland,best Thai restaurants in Portland
Best Thai food Portland,top Thai food spots in Portland
Best Thai food Portland,where to find the best Thai food in Portland
Best Thai food Portland,best places for Thai food Portland
Best Thai food Portland,authentic Thai food in Portland
Best Thai food Portland,best Thai takeout in Portland
Best Thai food Portland,top-rated Thai restaurants in Portland
Best Thai food Portland,best Thai cuisine Portland
Best Thai food Portland,recommended Thai restaurants in Portland
Best Thai food Portland,where locals eat Thai food in Portland
Best bars Albuquerque,best bars in Albuquerque
Best bars Albuquerque,best bars near Albuquerque
Best bars Albuquerque,top bars in Albuquerque
Best bars Albuquerque,best places to grab a drink in Albuquerque
Best bars Albuquerque,best cocktail bars in Albuquerque
Best bars Albuquerque,where to find the best bars in Albuquerque
Best bars Albuquerque,popular bars in Albuquerque
Best bars Albuquerque,highest rated bars in Albuquerque
Best bars Albuquerque,Albuquerque best bars
Best bars Albuquerque,best late night bars in Albuquerque
Best bars Albuquerque,best neighborhood bars in Albuquerque
Best bars Anchorage,best bars in Anchorage
Best bars Anchorage,best bars near Anchorage
Best bars Anchorage,top bars in Anchorage
Best bars Anchorage,best places to grab a drink in Anchorage
Best bars Anchorage,best cocktail bars in Anchorage
Best bars Anchorage,where to find the best bars in Anchorage
Best bars Anchorage,popular bars in Anchorage
Best bars Anchorage,highest rated bars in Anchorage
Best bars Anchorage,Anchorage best bars
Best bars Anchorage,best late night bars in Anchorage
Best bars Anchorage,best neighborhood bars in Anchorage
Best bars Boston,best bars in Boston
Best bars Boston,best bars near Boston
Best bars Boston,top bars in Boston
Best bars Boston,best places to grab a drink in Boston
Best bars Boston,best cocktail bars in Boston
Best bars Boston,where to find the best bars in Boston
Best bars Boston,popular bars in Boston
Best bars Boston,highest rated bars in Boston
Best bars Boston,Boston best bars
Best bars Boston,best late night bars in Boston
Best bars Boston,best neighborhood bars in Boston
Best breakfast Columbus,best breakfast near Columbus
Best breakfast Columbus,best breakfast spots near Columbus
Best breakfast Columbus,best places for breakfast near Columbus
Best breakfast Columbus,top breakfast restaurants near Columbus
Best breakfast Columbus,where to find the best breakfast near Columbus
Best breakfast Columbus,where to get breakfast near Columbus
Best breakfast Columbus,best breakfast cafes near Columbus
Best breakfast Columbus,popular breakfast spots near Columbus
Best breakfast Columbus,best breakfast options near Columbus
Best breakfast Columbus,highest rated breakfast near Columbus
Best breakfast Columbus,top-rated breakfast places near Columbus
Best breakfast Detroit,best breakfast near Detroit
Best breakfast Detroit,best breakfast spots near Detroit
Best breakfast Detroit,best places for breakfast near Detroit
Best breakfast Detroit,top breakfast restaurants near Detroit
Best breakfast Detroit,where to find the best breakfast near Detroit
Best breakfast Detroit,where to get breakfast near Detroit
Best breakfast Detroit,best breakfast cafes near Detroit
Best breakfast Detroit,popular breakfast spots near Detroit
Best breakfast Detroit,best breakfast options near Detroit
Best breakfast Detroit,highest rated breakfast near Detroit
Best breakfast Detroit,top-rated breakfast places near Detroit
Best breakfast Detroit,best breakfast near Detroit
Best breakfast Detroit,best breakfast spots near Detroit
Best breakfast Detroit,best places for breakfast near Detroit
Best breakfast Detroit,top breakfast restaurants near Detroit
Best breakfast Detroit,where to find the best breakfast near Detroit
Best breakfast Detroit,where to get breakfast near Detroit
Best breakfast Detroit,best breakfast cafes near Detroit
Best breakfast Detroit,popular breakfast spots near Detroit
Best breakfast Detroit,best breakfast options near Detroit
Best breakfast Detroit,highest rated breakfast near Detroit
Best breakfast Detroit,top-rated breakfast places near Detroit
Best brunch Detroit,best brunch spots in Detroit
Best brunch Detroit,best places for brunch in Detroit
Best brunch Detroit,top brunch spots in Detroit
Best brunch Detroit,best brunch restaurants in Detroit
Best brunch Detroit,best spots for brunch in Detroit
Best brunch Detroit,where to go for brunch in Detroit
Best brunch Detroit,best brunch places in Detroit
Best brunch Detroit,top-rated brunch places in Detroit
Best brunch Detroit,popular brunch spots in Detroit
Best brunch Detroit,brunch recommendations in Detroit
Best brunch Detroit,where to find the best brunch in Detroit
Best brunch Omaha,best brunch spots in Omaha
Best brunch Omaha,best places for brunch in Omaha
Best brunch Omaha,top brunch spots in Omaha
Best brunch Omaha,best brunch restaurants in Omaha
Best brunch Omaha,best spots for brunch in Omaha
Best brunch Omaha,where to go for brunch in Omaha
Best brunch Omaha,best brunch places in Omaha
Best brunch Omaha,top-rated brunch places in Omaha
Best brunch Omaha,popular brunch spots in Omaha
Best brunch Omaha,brunch recommendations in Omaha
Best brunch Omaha,where to find the best brunch in Omaha
Best brunch Austin,best brunch spots in Austin
Best brunch Austin,best places for brunch in Austin
Best brunch Austin,top brunch spots in Austin
Best brunch Austin,best brunch restaurants in Austin
Best brunch Austin,best spots for brunch in Austin
Best brunch Austin,where to go for brunch in Austin
Best brunch Austin,best brunch places in Austin
Best brunch Austin,top-rated brunch places in Austin
Best brunch Austin,popular brunch spots in Austin
Best brunch Austin,brunch recommendations in Austin
Best brunch Austin,where to find the best brunch in Austin
Best budget laptop,best budget laptop 2026
Best budget laptop,best cheap laptop 2026
Best budget laptop,best affordable laptop 2026
Best budget laptop,top budget laptops 2026
Best budget laptop,best value laptop 2026
Best budget laptop,best low-cost laptop 2026
Best budget laptop,best laptop on a budget 2026
Best budget laptop,best budget laptop for students 2026
Best budget laptop,best budget notebook 2026
Best budget laptop,most reliable budget laptop 2026
Best budget laptop,what is the best budget laptop 2026
Best cheap eats Seattle,best cheap eats Seattle
Best cheap eats Seattle,best cheap eats in Seattle
Best cheap eats Seattle,best budget eats in Seattle
Best cheap eats Seattle,best affordable restaurants in Seattle
Best cheap eats Seattle,top cheap places to eat in Seattle
Best cheap eats Seattle,where to find cheap eats in Seattle
Best cheap eats Seattle,cheap eats recommendations in Seattle
Best cheap eats Seattle,best inexpensive food in Seattle
Best cheap eats Seattle,best cheap restaurants in Seattle
Best cheap eats Seattle,Seattle best cheap eats
Best cheap eats Seattle,cheap food spots in Seattle
Best cheap eats St. Louis,best cheap eats St. Louis
Best cheap eats St. Louis,best cheap eats in St. Louis
Best cheap eats St. Louis,best budget eats in St. Louis
Best cheap eats St. Louis,best affordable restaurants in St. Louis
Best cheap eats St. Louis,top cheap places to eat in St. Louis
Best cheap eats St. Louis,where to find cheap eats in St. Louis
Best cheap eats St. Louis,cheap eats recommendations in St. Louis
Best cheap eats St. Louis,best inexpensive food in St. Louis
Best cheap eats St. Louis,best cheap restaurants in St. Louis
Best cheap eats St. Louis,St. Louis best cheap eats
Best cheap eats St. Louis,cheap food spots in St. Louis
Best cheap eats Memphis,best cheap eats Memphis
Best cheap eats Memphis,best cheap eats in Memphis
Best cheap eats Memphis,best budget eats in Memphis
Best cheap eats Memphis,best affordable restaurants in Memphis
Best cheap eats Memphis,top cheap places to eat in Memphis
Best cheap eats Memphis,where to find cheap eats in Memphis
Best cheap eats Memphis,cheap eats recommendations in Memphis
Best cheap eats Memphis,best inexpensive food in Memphis
Best cheap eats Memphis,best cheap restaurants in Memphis
Best cheap eats Memphis,Memphis best cheap eats
Best cheap eats Memphis,cheap food spots in Memphis
Best coffee shop Jacksonville,best coffee shop near Jacksonville
Best coffee shop Jacksonville,best coffee shops in Jacksonville
Best coffee shop Jacksonville,top coffee shops near Jacksonville
Best coffee shop Jacksonville,best place for coffee near Jacksonville
Best coffee shop Jacksonville,where to find the best coffee near Jacksonville
Best coffee shop Jacksonville,best café near Jacksonville
Best coffee shop Jacksonville,highest rated coffee shop near Jacksonville
Best coffee shop Jacksonville,popular coffee shops around Jacksonville
Best coffee shop Jacksonville,local coffee shop recommendations near Jacksonville
Best coffee shop Jacksonville,best specialty coffee near Jacksonville
Best coffee shop Jacksonville,best coffee spots near Jacksonville
Best coffee shop Cleveland,best coffee shop near Cleveland
Best coffee shop Cleveland,best coffee shops in Cleveland
Best coffee shop Cleveland,top coffee shops near Cleveland
Best coffee shop Cleveland,best place for coffee near Cleveland
Best coffee shop Cleveland,where to find the best coffee near Cleveland
Best coffee shop Cleveland,best café near Cleveland
Best coffee shop Cleveland,highest rated coffee shop near Cleveland
Best coffee shop Cleveland,popular coffee shops around Cleveland
Best coffee shop Cleveland,local coffee shop recommendations near Cleveland
Best coffee shop Cleveland,best specialty coffee near Cleveland
Best coffee shop Cleveland,best coffee spots near Cleveland
Best coffee shop Nashville,best coffee shop near Nashville
Best coffee shop Nashville,best coffee shops in Nashville
Best coffee shop Nashville,top coffee shops near Nashville
Best coffee shop Nashville,best place for coffee near Nashville
Best coffee shop Nashville,where to find the best coffee near Nashville
Best coffee shop Nashville,best café near Nashville
Best coffee shop Nashville,highest rated coffee shop near Nashville
Best coffee shop Nashville,popular coffee shops around Nashville
Best coffee shop Nashville,local coffee shop recommendations near Nashville
Best coffee shop Nashville,best specialty coffee near Nashville
Best coffee shop Nashville,best coffee spots near Nashville
Best credit card cash back,best credit card for cash back 2026
Best credit card cash back,best cash back credit card 2026
Best credit card cash back,best credit cards for cash back 2026
Best credit card cash back,top cash back credit cards 2026
Best credit card cash back,which credit card offers the best cash back 2026
Best credit card cash back,credit card with best cash back 2026
Best credit card cash back,best cash back card for 2026
Best credit card cash back,highest cash back credit card 2026
Best credit card cash back,best credit card for cash back rewards 2026
Best credit card cash back,best 2026 credit card for cash back
Best credit card cash back,what is the best credit card for cash back in 2026
Best credit card no annual fee,best credit card no annual fee
Best credit card no annual fee,best credit cards with no annual fee
Best credit card no annual fee,best no annual fee credit card
Best credit card no annual fee,top credit cards that don't charge an annual fee
Best credit card no annual fee,which credit card has no annual fee
Best credit card no annual fee,best credit card with no yearly fee
Best credit card no annual fee,best credit cards without an annual fee
Best credit card no annual fee,best no-fee credit cards
Best credit card no annual fee,best credit card that doesn't have an annual fee
Best credit card no annual fee,compare best no annual fee credit cards
Best credit card no annual fee,top no annual fee credit cards
Best credit card travel rewards,best credit card for travel rewards
Best credit card travel rewards,which credit card is best for travel rewards
Best credit card travel rewards,best travel rewards credit card
Best credit card travel rewards,top credit cards for travel rewards
Best credit card travel rewards,what credit card gives the best travel rewards
Best credit card travel rewards,best credit card for earning travel rewards
Best credit card travel rewards,best credit card for travel points and miles
Best credit card travel rewards,best card for travel rewards and perks
Best credit card travel rewards,most rewarding credit card for travel
Best credit card travel rewards,best credit cards to maximize travel rewards
Best credit card travel rewards,best credit card for frequent traveler rewards
Best dating apps over 50,best dating apps for over 50
Best dating apps over 50,top dating apps for people over 50
Best dating apps over 50,best dating apps for 50+ singles
Best dating apps over 50,dating apps for people over 50 years old
Best dating apps over 50,best dating apps for seniors over 50
Best dating apps over 50,apps for dating when you're over 50
Best dating apps over 50,which dating apps are best for over 50
Best dating apps over 50,best dating apps for those over 50
Best dating apps over 50,best dating sites and apps for 50 and over
Best dating apps over 50,dating apps suitable for people over 50
Best dating apps over 50,best mobile dating apps for over 50
Best food trucks Nashville,best food trucks Nashville
Best food trucks Nashville,top food trucks in Nashville
Best food trucks Nashville,best food trucks near Nashville
Best food trucks Nashville,best food trucks around Nashville
Best food trucks Nashville,where to find food trucks in Nashville
Best food trucks Nashville,popular food trucks Nashville
Best food trucks Nashville,best street food trucks in Nashville
Best food trucks Nashville,recommended food trucks in Nashville
Best food trucks Nashville,favorite food trucks in Nashville
Best food trucks Nashville,must-try food trucks Nashville
Best food trucks Nashville,food truck rankings Nashville
Best food trucks Charlotte,best food trucks Charlotte
Best food trucks Charlotte,top food trucks in Charlotte
Best food trucks Charlotte,best food trucks near Charlotte
Best food trucks Charlotte,best food trucks around Charlotte
Best food trucks Charlotte,where to find food trucks in Charlotte
Best food trucks Charlotte,popular food trucks Charlotte
Best food trucks Charlotte,best street food trucks in Charlotte
Best food trucks Charlotte,recommended food trucks in Charlotte
Best food trucks Charlotte,favorite food trucks in Charlotte
Best food trucks Charlotte,must-try food trucks Charlotte
Best food trucks Charlotte,food truck rankings Charlotte
Best food trucks Miami,best food trucks Miami
Best food trucks Miami,top food trucks in Miami
Best food trucks Miami,best food trucks near Miami
Best food trucks Miami,best food trucks around Miami
Best food trucks Miami,where to find food trucks in Miami
Best food trucks Miami,popular food trucks Miami
Best food trucks Miami,best street food trucks in Miami
Best food trucks Miami,recommended food trucks in Miami
Best food trucks Miami,favorite food trucks in Miami
Best food trucks Miami,must-try food trucks Miami
Best food trucks Miami,food truck rankings Miami
Best gaming chair,best gaming chair
Best gaming chair,what is the best gaming chair
Best gaming chair,best gaming chair reviews
Best gaming chair,top gaming chairs right now
Best gaming chair,most comfortable gaming chair
Best gaming chair,best budget gaming chair
Best gaming chair,best ergonomic gaming chair for long sessions
Best gaming chair,best gaming chair for back pain
Best gaming chair,best high-end gaming chair
Best gaming chair,best gaming chair for tall people
Best gaming chair,best racing style gaming chairs
Best gluten free restaurant Austin,best gluten free restaurant Austin
Best gluten free restaurant Austin,best gluten free restaurant in Austin
Best gluten free restaurant Austin,top gluten free restaurant in Austin
Best gluten free restaurant Austin,best gluten-free restaurant near Austin
Best gluten free restaurant Austin,gluten-free restaurant recommendations in Austin
Best gluten free restaurant Austin,where to eat gluten free in Austin
Best gluten free restaurant Austin,highest rated gluten free restaurant in Austin
Best gluten free restaurant Austin,best places for gluten-free dining in Austin
Best gluten free restaurant Austin,best gluten free restaurants close to Austin
Best gluten free restaurant Austin,popular gluten free restaurant in Austin
Best gluten free restaurant Austin,best gluten free restaurant reviews in Austin
Best gluten free restaurant Pittsburgh,best gluten free restaurant Pittsburgh
Best gluten free restaurant Pittsburgh,best gluten free restaurant in Pittsburgh
Best gluten free restaurant Pittsburgh,top gluten free restaurant in Pittsburgh
Best gluten free restaurant Pittsburgh,best gluten-free restaurant near Pittsburgh
Best gluten free restaurant Pittsburgh,gluten-free restaurant recommendations in Pittsburgh
Best gluten free restaurant Pittsburgh,where to eat gluten free in Pittsburgh
Best gluten free restaurant Pittsburgh,highest rated gluten free restaurant in Pittsburgh
Best gluten free restaurant Pittsburgh,best places for gluten-free dining in Pittsburgh
Best gluten free restaurant Pittsburgh,best gluten free restaurants close to Pittsburgh
Best gluten free restaurant Pittsburgh,popular gluten free restaurant in Pittsburgh
Best gluten free restaurant Pittsburgh,best gluten free restaurant reviews in Pittsburgh
Best gluten free restaurant Baltimore,best gluten free restaurant Baltimore
Best gluten free restaurant Baltimore,best gluten free restaurant in Baltimore
Best gluten free restaurant Baltimore,top gluten free restaurant in Baltimore
Best gluten free restaurant Baltimore,best gluten-free restaurant near Baltimore
Best gluten free restaurant Baltimore,gluten-free restaurant recommendations in Baltimore
Best gluten free restaurant Baltimore,where to eat gluten free in Baltimore
Best gluten free restaurant Baltimore,highest rated gluten free restaurant in Baltimore
Best gluten free restaurant Baltimore,best places for gluten-free dining in Baltimore
Best gluten free restaurant Baltimore,best gluten free restaurants close to Baltimore
Best gluten free restaurant Baltimore,popular gluten free restaurant in Baltimore
Best gluten free restaurant Baltimore,best gluten free restaurant reviews in Baltimore
Best happy hour Dallas,best happy hour near Dallas
Best happy hour Dallas,best happy hour near Dallas
Best happy hour Dallas,best happy hours in Dallas
Best happy hour Dallas,top happy hour spots near Dallas
Best happy hour Dallas,best places for happy hour in Dallas
Best happy hour Dallas,where is the best happy hour near Dallas
Best happy hour Dallas,happy hour deals near Dallas
Best happy hour Dallas,best happy hour bars in Dallas
Best happy hour Dallas,what are the best happy hour spots near Dallas
Best happy hour Dallas,popular happy hour deals in Dallas
Best happy hour Dallas,great happy hour near Dallas
Best happy hour Austin,best happy hour near Austin
Best happy hour Austin,best happy hour near Austin
Best happy hour Austin,best happy hours in Austin
Best happy hour Austin,top happy hour spots near Austin
Best happy hour Austin,best places for happy hour in Austin
Best happy hour Austin,where is the best happy hour near Austin
Best happy hour Austin,happy hour deals near Austin
Best happy hour Austin,best happy hour bars in Austin
Best happy hour Austin,what are the best happy hour spots near Austin
Best happy hour Austin,popular happy hour deals in Austin
Best happy hour Austin,great happy hour near Austin
Best happy hour San Antonio,best happy hour near San Antonio
Best happy hour San Antonio,best happy hour near San Antonio
Best happy hour San Antonio,best happy hours in San Antonio
Best happy hour San Antonio,top happy hour spots near San Antonio
Best happy hour San Antonio,best places for happy hour in San Antonio
Best happy hour San Antonio,where is the best happy hour near San Antonio
Best happy hour San Antonio,happy hour deals near San Antonio
Best happy hour San Antonio,best happy hour bars in San Antonio
Best happy hour San Antonio,what are the best happy hour spots near San Antonio
Best happy hour San Antonio,popular happy hour deals in San Antonio
Best happy hour San Antonio,great happy hour near San Antonio
Best laptop college,best laptop for college students
Best laptop college,best laptops for college students
Best laptop college,what is the best laptop for college students
Best laptop college,which laptop is best for college students
Best laptop college,best laptop to buy for college students
Best laptop college,best laptop for students in college
Best laptop college,best laptop for university students
Best laptop college,top laptops for college students
Best laptop college,best laptop for a college student
Best laptop college,best laptop recommendations for college students
Best laptop college,best college laptop for students
Best late night food Philadelphia,best late night food Philadelphia
Best late night food Philadelphia,best late-night food in Philadelphia
Best late night food Philadelphia,best late night eats in Philadelphia
Best late night food Philadelphia,best places for late night food in Philadelphia
Best late night food Philadelphia,where to find late night food in Philadelphia
Best late night food Philadelphia,late night food spots in Philadelphia
Best late night food Philadelphia,best midnight snacks in Philadelphia
Best late night food Philadelphia,top late night restaurants in Philadelphia
Best late night food Philadelphia,best places open late for food in Philadelphia
Best late night food Philadelphia,late night dining options in Philadelphia
Best late night food Philadelphia,what are the best late night food options in Philadelphia
Best late night food Portland,best late night food Portland
Best late night food Portland,best late-night food in Portland
Best late night food Portland,best late night eats in Portland
Best late night food Portland,best places for late night food in Portland
Best late night food Portland,where to find late night food in Portland
Best late night food Portland,late night food spots in Portland
Best late night food Portland,best midnight snacks in Portland
Best late night food Portland,top late night restaurants in Portland
Best late night food Portland,best places open late for food in Portland
Best late night food Portland,late night dining options in Portland
Best late night food Portland,what are the best late night food options in Portland
Best late night food Indianapolis,best late night food Indianapolis
Best late night food Indianapolis,best late-night food in Indianapolis
Best late night food Indianapolis,best late night eats in Indianapolis
Best late night food Indianapolis,best places for late night food in Indianapolis
Best late night food Indianapolis,where to find late night food in Indianapolis
Best late night food Indianapolis,late night food spots in Indianapolis
Best late night food Indianapolis,best midnight snacks in Indianapolis
Best late night food Indianapolis,top late night restaurants in Indianapolis
Best late night food Indianapolis,best places open late for food in Indianapolis
Best late night food Indianapolis,late night dining options in Indianapolis
Best late night food Indianapolis,what are the best late night food options in Indianapolis
Best mechanical keyboard gaming,best mechanical keyboard for gaming
Best mechanical keyboard gaming,what is the best mechanical keyboard for gaming
Best mechanical keyboard gaming,best mechanical keyboard for PC gaming
Best mechanical keyboard gaming,top mechanical keyboards for gaming
Best mechanical keyboard gaming,which mechanical keyboard is best for gaming
Best mechanical keyboard gaming,best budget mechanical keyboard for gaming
Best mechanical keyboard gaming,best high-end mechanical keyboard for gaming
Best mechanical keyboard gaming,best mechanical keyboard for competitive gaming
Best mechanical keyboard gaming,best mechanical keyboards for gaming 2026
Best mechanical keyboard gaming,best wireless mechanical keyboard for gaming
Best mechanical keyboard gaming,best mechanical keyboard for FPS gaming
Best online dating sites 2026,best online dating sites 2026
Best online dating sites 2026,top online dating sites 2026
Best online dating sites 2026,best dating websites 2026
Best online dating sites 2026,best dating apps and sites 2026
Best online dating sites 2026,what are the best online dating sites 2026
Best online dating sites 2026,best online dating platforms 2026
Best online dating sites 2026,best sites for online dating 2026
Best online dating sites 2026,2026 best online dating sites
Best online dating sites 2026,best online dating services 2026
Best online dating sites 2026,top dating sites to use in 2026
Best online dating sites 2026,which online dating sites are best in 2026
Best pizza Pittsburgh,best pizza near me Pittsburgh
Best pizza Pittsburgh,best pizza in Pittsburgh
Best pizza Pittsburgh,best pizza near me in Pittsburgh
Best pizza Pittsburgh,top pizza places in Pittsburgh
Best pizza Pittsburgh,best pizza near Pittsburgh
Best pizza Pittsburgh,best pizza restaurants in Pittsburgh
Best pizza Pittsburgh,best local pizza near Pittsburgh
Best pizza Pittsburgh,where to get the best pizza in Pittsburgh
Best pizza Pittsburgh,best pizza for delivery in Pittsburgh
Best pizza Pittsburgh,top-rated pizza near me Pittsburgh
Best pizza Pittsburgh,best pizza spots near Pittsburgh
Best pizza Charlotte,best pizza near me Charlotte
Best pizza Charlotte,best pizza in Charlotte
Best pizza Charlotte,best pizza near me in Charlotte
Best pizza Charlotte,top pizza places in Charlotte
Best pizza Charlotte,best pizza near Charlotte
Best pizza Charlotte,best pizza restaurants in Charlotte
Best pizza Charlotte,best local pizza near Charlotte
Best pizza Charlotte,where to get the best pizza in Charlotte
Best pizza Charlotte,best pizza for delivery in Charlotte
Best pizza Charlotte,top-rated pizza near me Charlotte
Best pizza Charlotte,best pizza spots near Charlotte
Best pizza Anchorage,best pizza near me Anchorage
Best pizza Anchorage,best pizza in Anchorage
Best pizza Anchorage,best pizza near me in Anchorage
Best pizza Anchorage,top pizza places in Anchorage
Best pizza Anchorage,best pizza near Anchorage
Best pizza Anchorage,best pizza restaurants in Anchorage
Best pizza Anchorage,best local pizza near Anchorage
Best pizza Anchorage,where to get the best pizza in Anchorage
Best pizza Anchorage,best pizza for delivery in Anchorage
Best pizza Anchorage,top-rated pizza near me Anchorage
Best pizza Anchorage,best pizza spots near Anchorage
Best product reddit iPad Air,best iPad Air reddit
Best product reddit iPad Air,best iPad Air on reddit
Best product reddit iPad Air,what's the best iPad Air according to reddit
Best product reddit iPad Air,reddit recommendations for the best iPad Air
Best product reddit iPad Air,which iPad Air do reddit users recommend as the best
Best product reddit iPad Air,best iPad Air reddit reviews and opinions
Best product reddit iPad Air,what reddit says is the best iPad Air
Best product reddit iPad Air,top rated iPad Air on reddit
Best product reddit iPad Air,best iPad Air threads on reddit
Best product reddit iPad Air,where to find the best iPad Air on reddit
Best product reddit iPad Air,reddit best iPad Air recommendations
Best product reddit Instant Pot,best Instant Pot reddit
Best product reddit Instant Pot,best Instant Pot on reddit
Best product reddit Instant Pot,what's the best Instant Pot according to reddit
Best product reddit Instant Pot,reddit recommendations for the best Instant Pot
Best product reddit Instant Pot,which Instant Pot do reddit users recommend as the best
Best product reddit Instant Pot,best Instant Pot reddit reviews and opinions
Best product reddit Instant Pot,what reddit says is the best Instant Pot
Best product reddit Instant Pot,top rated Instant Pot on reddit
Best product reddit Instant Pot,best Instant Pot threads on reddit
Best product reddit Instant Pot,where to find the best Instant Pot on reddit
Best product reddit Instant Pot,reddit best Instant Pot recommendations
Best product reddit Sony WH-1000XM5,best Sony WH-1000XM5 reddit
Best product reddit Sony WH-1000XM5,best Sony WH-1000XM5 on reddit
Best product reddit Sony WH-1000XM5,what's the best Sony WH-1000XM5 according to reddit
Best product reddit Sony WH-1000XM5,reddit recommendations for the best Sony WH-1000XM5
Best product reddit Sony WH-1000XM5,which Sony WH-1000XM5 do reddit users recommend as the best
Best product reddit Sony WH-1000XM5,best Sony WH-1000XM5 reddit reviews and opinions
Best product reddit Sony WH-1000XM5,what reddit says is the best Sony WH-1000XM5
Best product reddit Sony WH-1000XM5,top rated Sony WH-1000XM5 on reddit
Best product reddit Sony WH-1000XM5,best Sony WH-1000XM5 threads on reddit
Best product reddit Sony WH-1000XM5,where to find the best Sony WH-1000XM5 on reddit
Best product reddit Sony WH-1000XM5,reddit best Sony WH-1000XM5 recommendations
Best protein powder muscle gain,best protein powder for muscle gain
Best protein powder muscle gain,which protein powder is best for muscle gain
Best protein powder muscle gain,best protein powder to build muscle
Best protein powder muscle gain,top protein powders for gaining muscle
Best protein powder muscle gain,best protein shake for muscle growth
Best protein powder muscle gain,best protein powder for building muscle mass
Best protein powder muscle gain,best whey protein for muscle gain
Best protein powder muscle gain,most effective protein powder for muscle gain
Best protein powder muscle gain,best protein supplement for gaining muscle
Best protein powder muscle gain,protein powder recommendations for muscle gain
Best protein powder muscle gain,what's the best protein powder for building muscle
Best ramen Baltimore,best ramen near Baltimore
Best ramen Baltimore,best ramen restaurants near Baltimore
Best ramen Baltimore,top ramen spots in Baltimore
Best ramen Baltimore,where to find ramen near Baltimore
Best ramen Baltimore,best places for ramen around Baltimore
Best ramen Baltimore,ramen near Baltimore with best reviews
Best ramen Baltimore,best ramen shops close to Baltimore
Best ramen Baltimore,popular ramen restaurants near Baltimore
Best ramen Baltimore,authentic ramen near Baltimore
Best ramen Baltimore,where to get the best ramen in Baltimore
Best ramen Baltimore,highest rated ramen near Baltimore
Best ramen San Francisco,best ramen near San Francisco
Best ramen San Francisco,best ramen restaurants near San Francisco
Best ramen San Francisco,top ramen spots in San Francisco
Best ramen San Francisco,where to find ramen near San Francisco
Best ramen San Francisco,best places for ramen around San Francisco
Best ramen San Francisco,ramen near San Francisco with best reviews
Best ramen San Francisco,best ramen shops close to San Francisco
Best ramen San Francisco,popular ramen restaurants near San Francisco
Best ramen San Francisco,authentic ramen near San Francisco
Best ramen San Francisco,where to get the best ramen in San Francisco
Best ramen San Francisco,highest rated ramen near San Francisco
Best ramen Austin,best ramen near Austin
Best ramen Austin,best ramen restaurants near Austin
Best ramen Austin,top ramen spots in Austin
Best ramen Austin,where to find ramen near Austin
Best ramen Austin,best places for ramen around Austin
Best ramen Austin,ramen near Austin with best reviews
Best ramen Austin,best ramen shops close to Austin
Best ramen Austin,popular ramen restaurants near Austin
Best ramen Austin,authentic ramen near Austin
Best ramen Austin,where to get the best ramen in Austin
Best ramen Austin,highest rated ramen near Austin
Best restaurant Kansas City,best restaurant in Kansas City
Best restaurant Kansas City,best restaurants in Kansas City
Best restaurant Kansas City,what is the best restaurant in Kansas City
Best restaurant Kansas City,top-rated restaurant in Kansas City
Best restaurant Kansas City,best place to eat in Kansas City
Best restaurant Kansas City,where is the best restaurant in Kansas City
Best restaurant Kansas City,best local restaurant in Kansas City
Best restaurant Kansas City,highest-rated restaurant in Kansas City
Best restaurant Kansas City,must-try restaurant in Kansas City
Best restaurant Kansas City,best fine dining restaurant in Kansas City
Best restaurant Kansas City,best restaurant to try in Kansas City
Best restaurant Austin,best restaurant in Austin
Best restaurant Austin,best restaurants in Austin
Best restaurant Austin,what is the best restaurant in Austin
Best restaurant Austin,top-rated restaurant in Austin
Best restaurant Austin,best place to eat in Austin
Best restaurant Austin,where is the best restaurant in Austin
Best restaurant Austin,best local restaurant in Austin
Best restaurant Austin,highest-rated restaurant in Austin
Best restaurant Austin,must-try restaurant in Austin
Best restaurant Austin,best fine dining restaurant in Austin
Best restaurant Austin,best restaurant to try in Austin
Best restaurant Portland,best restaurant in Portland
Best restaurant Portland,best restaurants in Portland
Best restaurant Portland,what is the best restaurant in Portland
Best restaurant Portland,top-rated restaurant in Portland
Best restaurant Portland,best place to eat in Portland
Best restaurant Portland,where is the best restaurant in Portland
Best restaurant Portland,best local restaurant in Portland
Best restaurant Portland,highest-rated restaurant in Portland
Best restaurant Portland,must-try restaurant in Portland
Best restaurant Portland,best fine dining restaurant in Portland
Best restaurant Portland,best restaurant to try in Portland
Best restaurants for kids Charlotte,best restaurants for kids near Charlotte
Best restaurants for kids Charlotte,best kid-friendly restaurants near Charlotte
Best restaurants for kids Charlotte,top restaurants for kids near Charlotte
Best restaurants for kids Charlotte,family-friendly restaurants near Charlotte for kids
Best restaurants for kids Charlotte,best places to eat with kids near Charlotte
Best restaurants for kids Charlotte,child-friendly restaurants near Charlotte
Best restaurants for kids Charlotte,restaurants with kids menu near Charlotte
Best restaurants for kids Charlotte,where to eat with kids near Charlotte
Best restaurants for kids Charlotte,best restaurants for children near Charlotte
Best restaurants for kids Charlotte,restaurants good for kids near Charlotte
Best restaurants for kids Charlotte,best places for kids to eat near Charlotte
Best restaurants for kids Fort Worth,best restaurants for kids near Fort Worth
Best restaurants for kids Fort Worth,best kid-friendly restaurants near Fort Worth
Best restaurants for kids Fort Worth,top restaurants for kids near Fort Worth
Best restaurants for kids Fort Worth,family-friendly restaurants near Fort Worth for kids
Best restaurants for kids Fort Worth,best places to eat with kids near Fort Worth
Best restaurants for kids Fort Worth,child-friendly restaurants near Fort Worth
Best restaurants for kids Fort Worth,restaurants with kids menu near Fort Worth
Best restaurants for kids Fort Worth,where to eat with kids near Fort Worth
Best restaurants for kids Fort Worth,best restaurants for children near Fort Worth
Best restaurants for kids Fort Worth,restaurants good for kids near Fort Worth
Best restaurants for kids Fort Worth,best places for kids to eat near Fort Worth
Best restaurants for kids Omaha,best restaurants for kids near Omaha
Best restaurants for kids Omaha,best kid-friendly restaurants near Omaha
Best restaurants for kids Omaha,top restaurants for kids near Omaha
Best restaurants for kids Omaha,family-friendly restaurants near Omaha for kids
Best restaurants for kids Omaha,best places to eat with kids near Omaha
Best restaurants for kids Omaha,child-friendly restaurants near Omaha
Best restaurants for kids Omaha,restaurants with kids menu near Omaha
Best restaurants for kids Omaha,where to eat with kids near Omaha
Best restaurants for kids Omaha,best restaurants for children near Omaha
Best restaurants for kids Omaha,restaurants good for kids near Omaha
Best restaurants for kids Omaha,best places for kids to eat near Omaha
Best rooftop bar Tampa,best rooftop bar Tampa
Best rooftop bar Tampa,best rooftop bar in Tampa
Best rooftop bar Tampa,best rooftop bars in Tampa
Best rooftop bar Tampa,top rooftop bar Tampa
Best rooftop bar Tampa,top-rated rooftop bar in Tampa
Best rooftop bar Tampa,best rooftop cocktail bar Tampa
Best rooftop bar Tampa,best rooftop lounge in Tampa
Best rooftop bar Tampa,where is the best rooftop bar in Tampa
Best rooftop bar Tampa,best rooftop bar with views in Tampa
Best rooftop bar Tampa,highest rated rooftop bar in Tampa
Best rooftop bar Tampa,most popular rooftop bar in Tampa
Best rooftop bar Pittsburgh,best rooftop bar Pittsburgh
Best rooftop bar Pittsburgh,best rooftop bar in Pittsburgh
Best rooftop bar Pittsburgh,best rooftop bars in Pittsburgh
Best rooftop bar Pittsburgh,top rooftop bar Pittsburgh
Best rooftop bar Pittsburgh,top-rated rooftop bar in Pittsburgh
Best rooftop bar Pittsburgh,best rooftop cocktail bar Pittsburgh
Best rooftop bar Pittsburgh,best rooftop lounge in Pittsburgh
Best rooftop bar Pittsburgh,where is the best rooftop bar in Pittsburgh
Best rooftop bar Pittsburgh,best rooftop bar with views in Pittsburgh
Best rooftop bar Pittsburgh,highest rated rooftop bar in Pittsburgh
Best rooftop bar Pittsburgh,most popular rooftop bar in Pittsburgh
Best rooftop bar Philadelphia,best rooftop bar Philadelphia
Best rooftop bar Philadelphia,best rooftop bar in Philadelphia
Best rooftop bar Philadelphia,best rooftop bars in Philadelphia
Best rooftop bar Philadelphia,top rooftop bar Philadelphia
Best rooftop bar Philadelphia,top-rated rooftop bar in Philadelphia
Best rooftop bar Philadelphia,best rooftop cocktail bar Philadelphia
Best rooftop bar Philadelphia,best rooftop lounge in Philadelphia
Best rooftop bar Philadelphia,where is the best rooftop bar in Philadelphia
Best rooftop bar Philadelphia,best rooftop bar with views in Philadelphia
Best rooftop bar Philadelphia,highest rated rooftop bar in Philadelphia
Best rooftop bar Philadelphia,most popular rooftop bar in Philadelphia
Best steakhouse Cincinnati,best steakhouse Cincinnati
Best steakhouse Cincinnati,best steakhouse in Cincinnati
Best steakhouse Cincinnati,top-rated steakhouse Cincinnati
Best steakhouse Cincinnati,what is the best steakhouse in Cincinnati
Best steakhouse Cincinnati,best steakhouses near Cincinnati
Best steakhouse Cincinnati,best place for steak in Cincinnati
Best steakhouse Cincinnati,highest rated steakhouse in Cincinnati
Best steakhouse Cincinnati,steakhouse recommendations Cincinnati
Best steakhouse Cincinnati,where to find the best steakhouse in Cincinnati
Best steakhouse Cincinnati,popular steakhouse in Cincinnati
Best steakhouse Cincinnati,best steak restaurants in Cincinnati
Best steakhouse San Antonio,best steakhouse San Antonio
Best steakhouse San Antonio,best steakhouse in San Antonio
Best steakhouse San Antonio,top-rated steakhouse San Antonio
Best steakhouse San Antonio,what is the best steakhouse in San Antonio
Best steakhouse San Antonio,best steakhouses near San Antonio
Best steakhouse San Antonio,best place for steak in San Antonio
Best steakhouse San Antonio,highest rated steakhouse in San Antonio
Best steakhouse San Antonio,steakhouse recommendations San Antonio
Best steakhouse San Antonio,where to find the best steakhouse in San Antonio
Best steakhouse San Antonio,popular steakhouse in San Antonio
Best steakhouse San Antonio,best steak restaurants in San Antonio
Best steakhouse Miami,best steakhouse Miami
Best steakhouse Miami,best steakhouse in Miami
Best steakhouse Miami,top-rated steakhouse Miami
Best steakhouse Miami,what is the best steakhouse in Miami
Best steakhouse Miami,best steakhouses near Miami
Best steakhouse Miami,best place for steak in Miami
Best steakhouse Miami,highest rated steakhouse in Miami
Best steakhouse Miami,steakhouse recommendations Miami
Best steakhouse Miami,where to find the best steakhouse in Miami
Best steakhouse Miami,popular steakhouse in Miami
Best steakhouse Miami,best steak restaurants in Miami
Best sushi Detroit,best sushi near me Detroit
Best sushi Detroit,best sushi near me in Detroit
Best sushi Detroit,best sushi restaurants near me in Detroit
Best sushi Detroit,best sushi spots in Detroit near me
Best sushi Detroit,where is the best sushi near me in Detroit
Best sushi Detroit,best places for sushi near me in Detroit
Best sushi Detroit,top sushi restaurants near me in Detroit
Best sushi Detroit,nearest top-rated sushi in Detroit
Best sushi Detroit,top-rated sushi near me in Detroit
Best sushi Detroit,best sushi takeout near me in Detroit
Best sushi Detroit,where to find best sushi near me in Detroit
Best sushi Omaha,best sushi near me Omaha
Best sushi Omaha,best sushi near me in Omaha
Best sushi Omaha,best sushi restaurants near me in Omaha
Best sushi Omaha,best sushi spots in Omaha near me
Best sushi Omaha,where is the best sushi near me in Omaha
Best sushi Omaha,best places for sushi near me in Omaha
Best sushi Omaha,top sushi restaurants near me in Omaha
Best sushi Omaha,nearest top-rated sushi in Omaha
Best sushi Omaha,top-rated sushi near me in Omaha
Best sushi Omaha,best sushi takeout near me in Omaha
Best sushi Omaha,where to find best sushi near me in Omaha
Best sushi Charlotte,best sushi near me Charlotte
Best sushi Charlotte,best sushi near me in Charlotte
Best sushi Charlotte,best sushi restaurants near me in Charlotte
Best sushi Charlotte,best sushi spots in Charlotte near me
Best sushi Charlotte,where is the best sushi near me in Charlotte
Best sushi Charlotte,best places for sushi near me in Charlotte
Best sushi Charlotte,top sushi restaurants near me in Charlotte
Best sushi Charlotte,nearest top-rated sushi in Charlotte
Best sushi Charlotte,top-rated sushi near me in Charlotte
Best sushi Charlotte,best sushi takeout near me in Charlotte
Best sushi Charlotte,where to find best sushi near me in Charlotte
Best takeout Louisville,best takeout near me Louisville
Best takeout Louisville,best takeout in Louisville
Best takeout Louisville,best takeout near Louisville
Best takeout Louisville,best takeout near me in Louisville
Best takeout Louisville,top takeout places in Louisville
Best takeout Louisville,best places for takeout near me Louisville
Best takeout Louisville,best takeout spots near me in Louisville
Best takeout Louisville,where to get takeout in Louisville
Best takeout Louisville,best takeout options near Louisville
Best takeout Louisville,popular takeout restaurants in Louisville
Best takeout Louisville,local best takeout near me Louisville
Best takeout San Francisco,best takeout near me San Francisco
Best takeout San Francisco,best takeout in San Francisco
Best takeout San Francisco,best takeout near San Francisco
Best takeout San Francisco,best takeout near me in San Francisco
Best takeout San Francisco,top takeout places in San Francisco
Best takeout San Francisco,best places for takeout near me San Francisco
Best takeout San Francisco,best takeout spots near me in San Francisco
Best takeout San Francisco,where to get takeout in San Francisco
Best takeout San Francisco,best takeout options near San Francisco
Best takeout San Francisco,popular takeout restaurants in San Francisco
Best takeout San Francisco,local best takeout near me San Francisco
Best takeout Austin,best takeout near me Austin
Best takeout Austin,best takeout in Austin
Best takeout Austin,best takeout near Austin
Best takeout Austin,best takeout near me in Austin
Best takeout Austin,top takeout places in Austin
Best takeout Austin,best places for takeout near me Austin
Best takeout Austin,best takeout spots near me in Austin
Best takeout Austin,where to get takeout in Austin
Best takeout Austin,best takeout options near Austin
Best takeout Austin,popular takeout restaurants in Austin
Best takeout Austin,local best takeout near me Austin
Best vegan restaurant Albuquerque,best vegan restaurant near Albuquerque
Best vegan restaurant Albuquerque,best vegan restaurants near Albuquerque
Best vegan restaurant Albuquerque,top vegan restaurant near Albuquerque
Best vegan restaurant Albuquerque,best vegan places to eat near Albuquerque
Best vegan restaurant Albuquerque,where to find the best vegan restaurant near Albuquerque
Best vegan restaurant Albuquerque,best plant-based restaurant near Albuquerque
Best vegan restaurant Albuquerque,best vegan restaurant close to Albuquerque
Best vegan restaurant Albuquerque,highest-rated vegan restaurant near Albuquerque
Best vegan restaurant Albuquerque,best vegan eateries near Albuquerque
Best vegan restaurant Albuquerque,best vegan dining near Albuquerque
Best vegan restaurant Albuquerque,vegan restaurant recommendations near Albuquerque
Best vegan restaurant San Antonio,best vegan restaurant near San Antonio
Best vegan restaurant San Antonio,best vegan restaurants near San Antonio
Best vegan restaurant San Antonio,top vegan restaurant near San Antonio
Best vegan restaurant San Antonio,best vegan places to eat near San Antonio
Best vegan restaurant San Antonio,where to find the best vegan restaurant near San Antonio
Best vegan restaurant San Antonio,best plant-based restaurant near San Antonio
Best vegan restaurant San Antonio,best vegan restaurant close to San Antonio
Best vegan restaurant San Antonio,highest-rated vegan restaurant near San Antonio
Best vegan restaurant San Antonio,best vegan eateries near San Antonio
Best vegan restaurant San Antonio,best vegan dining near San Antonio
Best vegan restaurant San Antonio,vegan restaurant recommendations near San Antonio
Best vegan restaurant Philadelphia,best vegan restaurant near Philadelphia
Best vegan restaurant Philadelphia,best vegan restaurants near Philadelphia
Best vegan restaurant Philadelphia,top vegan restaurant near Philadelphia
Best vegan restaurant Philadelphia,best vegan places to eat near Philadelphia
Best vegan restaurant Philadelphia,where to find the best vegan restaurant near Philadelphia
Best vegan restaurant Philadelphia,best plant-based restaurant near Philadelphia
Best vegan restaurant Philadelphia,best vegan restaurant close to Philadelphia
Best vegan restaurant Philadelphia,highest-rated vegan restaurant near Philadelphia
Best vegan restaurant Philadelphia,best vegan eateries near Philadelphia
Best vegan restaurant Philadelphia,best vegan dining near Philadelphia
Best vegan restaurant Philadelphia,vegan restaurant recommendations near Philadelphia
Birthday dinner restaurant Minneapolis,best birthday dinner restaurant Minneapolis
Birthday dinner restaurant Minneapolis,best birthday dinner restaurant in Minneapolis
Birthday dinner restaurant Minneapolis,best restaurants for birthday dinner in Minneapolis
Birthday dinner restaurant Minneapolis,top birthday dinner restaurants in Minneapolis
Birthday dinner restaurant Minneapolis,best places to have a birthday dinner in Minneapolis
Birthday dinner restaurant Minneapolis,where to eat for a birthday dinner in Minneapolis
Birthday dinner restaurant Minneapolis,top-rated restaurants for birthday dinners in Minneapolis
Birthday dinner restaurant Minneapolis,best spots for a birthday dinner in Minneapolis
Birthday dinner restaurant Minneapolis,romantic birthday dinner restaurant in Minneapolis
Birthday dinner restaurant Minneapolis,best birthday dinner venues and restaurants in Minneapolis
Birthday dinner restaurant Minneapolis,highly recommended birthday dinner restaurants in Minneapolis
Birthday dinner restaurant San Diego,best birthday dinner restaurant San Diego
Birthday dinner restaurant San Diego,best birthday dinner restaurant in San Diego
Birthday dinner restaurant San Diego,best restaurants for birthday dinner in San Diego
Birthday dinner restaurant San Diego,top birthday dinner restaurants in San Diego
Birthday dinner restaurant San Diego,best places to have a birthday dinner in San Diego
Birthday dinner restaurant San Diego,where to eat for a birthday dinner in San Diego
Birthday dinner restaurant San Diego,top-rated restaurants for birthday dinners in San Diego
Birthday dinner restaurant San Diego,best spots for a birthday dinner in San Diego
Birthday dinner restaurant San Diego,romantic birthday dinner restaurant in San Diego
Birthday dinner restaurant San Diego,best birthday dinner venues and restaurants in San Diego
Birthday dinner restaurant San Diego,highly recommended birthday dinner restaurants in San Diego
Birthday dinner restaurant Fort Worth,best birthday dinner restaurant Fort Worth
Birthday dinner restaurant Fort Worth,best birthday dinner restaurant in Fort Worth
Birthday dinner restaurant Fort Worth,best restaurants for birthday dinner in Fort Worth
Birthday dinner restaurant Fort Worth,top birthday dinner restaurants in Fort Worth
Birthday dinner restaurant Fort Worth,best places to have a birthday dinner in Fort Worth
Birthday dinner restaurant Fort Worth,where to eat for a birthday dinner in Fort Worth
Birthday dinner restaurant Fort Worth,top-rated restaurants for birthday dinners in Fort Worth
Birthday dinner restaurant Fort Worth,best spots for a birthday dinner in Fort Worth
Birthday dinner restaurant Fort Worth,romantic birthday dinner restaurant in Fort Worth
Birthday dinner restaurant Fort Worth,best birthday dinner venues and restaurants in Fort Worth
Birthday dinner restaurant Fort Worth,highly recommended birthday dinner restaurants in Fort Worth
Blender smoothies,best blender for smoothies
Blender smoothies,what is the best blender for making smoothies
Blender smoothies,best blender to make smoothies
Blender smoothies,top blenders for smoothies
Blender smoothies,which blender is best for smoothies
Blender smoothies,best blender for fruit smoothies
Blender smoothies,best blender for creamy smoothies
Blender smoothies,best blenders for smoothie making
Blender smoothies,what's the best blender for smoothies
Blender smoothies,best affordable blender for smoothies
Blender smoothies,best high powered blender for smoothies
Budget computer monitor,best 4K monitor under $500
Budget computer monitor,best 4K monitor under $500
Budget computer monitor,best 4K monitor below $500
Budget computer monitor,best budget 4K monitor under $500
Budget computer monitor,best cheap 4K monitor under $500
Budget computer monitor,best 4K computer monitor under $500
Budget computer monitor,top-rated 4K monitor under $500
Budget computer monitor,best value 4K monitor under $500
Budget computer monitor,best 4K monitor for under $500
Budget computer monitor,best performing 4K monitor under $500
Budget computer monitor,best 4K monitor you can buy for under $500
Burst pipe plumber Pittsburgh,burst pipe emergency plumber Pittsburgh
Burst pipe plumber Pittsburgh,emergency plumber for burst pipe in Pittsburgh
Burst pipe plumber Pittsburgh,urgent plumber for burst pipe Pittsburgh
Burst pipe plumber Pittsburgh,24/7 plumber for burst pipe Pittsburgh
Burst pipe plumber Pittsburgh,burst water pipe emergency plumber Pittsburgh
Burst pipe plumber Pittsburgh,burst pipe repair emergency plumber Pittsburgh
Burst pipe plumber Pittsburgh,find an emergency plumber for a burst pipe Pittsburgh
Burst pipe plumber Pittsburgh,burst pipe emergency plumbing services Pittsburgh
Burst pipe plumber Pittsburgh,emergency plumber for burst pipe near Pittsburgh
Burst pipe plumber Pittsburgh,local emergency plumber for burst pipe Pittsburgh
Burst pipe plumber Pittsburgh,best emergency plumber for burst pipe Pittsburgh
Burst pipe plumber Phoenix,burst pipe emergency plumber Phoenix
Burst pipe plumber Phoenix,emergency plumber for burst pipe in Phoenix
Burst pipe plumber Phoenix,urgent plumber for burst pipe Phoenix
Burst pipe plumber Phoenix,24/7 plumber for burst pipe Phoenix
Burst pipe plumber Phoenix,burst water pipe emergency plumber Phoenix
Burst pipe plumber Phoenix,burst pipe repair emergency plumber Phoenix
Burst pipe plumber Phoenix,find an emergency plumber for a burst pipe Phoenix
Burst pipe plumber Phoenix,burst pipe emergency plumbing services Phoenix
Burst pipe plumber Phoenix,emergency plumber for burst pipe near Phoenix
Burst pipe plumber Phoenix,local emergency plumber for burst pipe Phoenix
Burst pipe plumber Phoenix,best emergency plumber for burst pipe Phoenix
Burst pipe plumber Jacksonville,burst pipe emergency plumber Jacksonville
Burst pipe plumber Jacksonville,emergency plumber for burst pipe in Jacksonville
Burst pipe plumber Jacksonville,urgent plumber for burst pipe Jacksonville
Burst pipe plumber Jacksonville,24/7 plumber for burst pipe Jacksonville
Burst pipe plumber Jacksonville,burst water pipe emergency plumber Jacksonville
Burst pipe plumber Jacksonville,burst pipe repair emergency plumber Jacksonville
Burst pipe plumber Jacksonville,find an emergency plumber for a burst pipe Jacksonville
Burst pipe plumber Jacksonville,burst pipe emergency plumbing services Jacksonville
Burst pipe plumber Jacksonville,emergency plumber for burst pipe near Jacksonville
Burst pipe plumber Jacksonville,local emergency plumber for burst pipe Jacksonville
Burst pipe plumber Jacksonville,best emergency plumber for burst pipe Jacksonville
Cancel car insurance,how to cancel car insurance
Cancel car insurance,how do I cancel my car insurance
Cancel car insurance,how to cancel an auto insurance policy
Cancel car insurance,steps to cancel a car insurance policy
Cancel car insurance,how can I cancel my vehicle insurance
Cancel car insurance,process for cancelling car insurance
Cancel car insurance,how to end car insurance coverage
Cancel car insurance,ways to cancel a car insurance policy
Cancel car insurance,can I cancel my car insurance and how
Cancel car insurance,how to cancel car insurance without fees
Cancel car insurance,who do I contact to cancel my car insurance
Car accident lawyer Honolulu,car accident lawyer Honolulu
Car accident lawyer Honolulu,car accident lawyer in Honolulu
Car accident lawyer Honolulu,best car accident lawyer Honolulu
Car accident lawyer Honolulu,car accident attorney Honolulu
Car accident lawyer Honolulu,auto accident lawyer Honolulu
Car accident lawyer Honolulu,top rated car crash lawyer Honolulu
Car accident lawyer Honolulu,hire car accident lawyer Honolulu
Car accident lawyer Honolulu,local car accident lawyer Honolulu
Car accident lawyer Honolulu,car crash attorney Honolulu
Car accident lawyer Honolulu,personal injury lawyer for car accidents Honolulu
Car accident lawyer Honolulu,car accident lawyer free consultation Honolulu
Car accident lawyer Austin,car accident lawyer Austin
Car accident lawyer Austin,car accident lawyer in Austin
Car accident lawyer Austin,best car accident lawyer Austin
Car accident lawyer Austin,car accident attorney Austin
Car accident lawyer Austin,auto accident lawyer Austin
Car accident lawyer Austin,top rated car crash lawyer Austin
Car accident lawyer Austin,hire car accident lawyer Austin
Car accident lawyer Austin,local car accident lawyer Austin
Car accident lawyer Austin,car crash attorney Austin
Car accident lawyer Austin,personal injury lawyer for car accidents Austin
Car accident lawyer Austin,car accident lawyer free consultation Austin
Car accident lawyer Philadelphia,car accident lawyer Philadelphia
Car accident lawyer Philadelphia,car accident lawyer in Philadelphia
Car accident lawyer Philadelphia,best car accident lawyer Philadelphia
Car accident lawyer Philadelphia,car accident attorney Philadelphia
Car accident lawyer Philadelphia,auto accident lawyer Philadelphia
Car accident lawyer Philadelphia,top rated car crash lawyer Philadelphia
Car accident lawyer Philadelphia,hire car accident lawyer Philadelphia
Car accident lawyer Philadelphia,local car accident lawyer Philadelphia
Car accident lawyer Philadelphia,car crash attorney Philadelphia
Car accident lawyer Philadelphia,personal injury lawyer for car accidents Philadelphia
Car accident lawyer Philadelphia,car accident lawyer free consultation Philadelphia
Car battery replacement Austin,car battery replacement service Austin
Car battery replacement Austin,car battery replacement service in Austin
Car battery replacement Austin,auto battery replacement service Austin
Car battery replacement Austin,vehicle battery replacement service Austin
Car battery replacement Austin,mobile car battery replacement service Austin
Car battery replacement Austin,car battery replacement near Austin
Car battery replacement Austin,car battery replacement services in Austin
Car battery replacement Austin,cheap car battery replacement service Austin
Car battery replacement Austin,emergency car battery replacement service Austin
Car battery replacement Austin,car battery replacement and installation service Austin
Car battery replacement Austin,local car battery replacement service Austin
Car battery replacement Cincinnati,car battery replacement service Cincinnati
Car battery replacement Cincinnati,car battery replacement service in Cincinnati
Car battery replacement Cincinnati,auto battery replacement service Cincinnati
Car battery replacement Cincinnati,vehicle battery replacement service Cincinnati
Car battery replacement Cincinnati,mobile car battery replacement service Cincinnati
Car battery replacement Cincinnati,car battery replacement near Cincinnati
Car battery replacement Cincinnati,car battery replacement services in Cincinnati
Car battery replacement Cincinnati,cheap car battery replacement service Cincinnati
Car battery replacement Cincinnati,emergency car battery replacement service Cincinnati
Car battery replacement Cincinnati,car battery replacement and installation service Cincinnati
Car battery replacement Cincinnati,local car battery replacement service Cincinnati
Car battery replacement Portland,car battery replacement service Portland
Car battery replacement Portland,car battery replacement service in Portland
Car battery replacement Portland,auto battery replacement service Portland
Car battery replacement Portland,vehicle battery replacement service Portland
Car battery replacement Portland,mobile car battery replacement service Portland
Car battery replacement Portland,car battery replacement near Portland
Car battery replacement Portland,car battery replacement services in Portland
Car battery replacement Portland,cheap car battery replacement service Portland
Car battery replacement Portland,emergency car battery replacement service Portland
Car battery replacement Portland,car battery replacement and installation service Portland
Car battery replacement Portland,local car battery replacement service Portland
Car towing and tow truck Detroit,car towing service near me Detroit
Car towing and tow truck Detroit,emergency towing Detroit 24 hours
Car towing and tow truck Detroit,tow truck near me Detroit
Car towing and tow truck Detroit,emergency tow truck Detroit 24 hours
Car towing and tow truck Detroit,car towing services near me in Detroit
Car towing and tow truck Detroit,24/7 emergency towing Detroit
Car towing and tow truck Detroit,local towing company near me Detroit
Car towing and tow truck Detroit,urgent towing service Detroit open 24 hours
Car towing and tow truck Detroit,vehicle towing service near me Detroit
Car towing and tow truck Detroit,emergency roadside towing Detroit 24 hours
Car towing and tow truck Detroit,cheap car towing near me Detroit
Car towing and tow truck Detroit,emergency tow Detroit available 24 hours
Car towing and tow truck Detroit,tow service near me Detroit
Car towing and tow truck Detroit,24 hour emergency tow truck Detroit
Car towing and tow truck Detroit,nearest tow truck in Detroit
Car towing and tow truck Detroit,emergency towing service in Detroit 24 hours
Car towing and tow truck Detroit,tow truck company near me Detroit
Car towing and tow truck Detroit,around-the-clock emergency towing Detroit
Car towing and tow truck Detroit,local car tow near me Detroit
Car towing and tow truck Detroit,emergency vehicle towing Detroit 24 hours
Car towing and tow truck Detroit,24 hour car towing near me Detroit
Car towing and tow truck Detroit,immediate emergency towing Detroit 24 hours
Car towing and tow truck Atlanta,car towing service near me Atlanta
Car towing and tow truck Atlanta,emergency towing Atlanta 24 hours
Car towing and tow truck Atlanta,tow truck near me Atlanta
Car towing and tow truck Atlanta,emergency tow truck Atlanta 24 hours
Car towing and tow truck Atlanta,car towing services near me in Atlanta
Car towing and tow truck Atlanta,24/7 emergency towing Atlanta
Car towing and tow truck Atlanta,local towing company near me Atlanta
Car towing and tow truck Atlanta,urgent towing service Atlanta open 24 hours
Car towing and tow truck Atlanta,vehicle towing service near me Atlanta
Car towing and tow truck Atlanta,emergency roadside towing Atlanta 24 hours
Car towing and tow truck Atlanta,cheap car towing near me Atlanta
Car towing and tow truck Atlanta,emergency tow Atlanta available 24 hours
Car towing and tow truck Atlanta,tow service near me Atlanta
Car towing and tow truck Atlanta,24 hour emergency tow truck Atlanta
Car towing and tow truck Atlanta,nearest tow truck in Atlanta
Car towing and tow truck Atlanta,emergency towing service in Atlanta 24 hours
Car towing and tow truck Atlanta,tow truck company near me Atlanta
Car towing and tow truck Atlanta,around-the-clock emergency towing Atlanta
Car towing and tow truck Atlanta,local car tow near me Atlanta
Car towing and tow truck Atlanta,emergency vehicle towing Atlanta 24 hours
Car towing and tow truck Atlanta,24 hour car towing near me Atlanta
Car towing and tow truck Atlanta,immediate emergency towing Atlanta 24 hours
Car towing and tow truck Jacksonville,car towing service near me Jacksonville
Car towing and tow truck Jacksonville,emergency towing Jacksonville 24 hours
Car towing and tow truck Jacksonville,tow truck near me Jacksonville
Car towing and tow truck Jacksonville,emergency tow truck Jacksonville 24 hours
Car towing and tow truck Jacksonville,car towing services near me in Jacksonville
Car towing and tow truck Jacksonville,24/7 emergency towing Jacksonville
Car towing and tow truck Jacksonville,local towing company near me Jacksonville
Car towing and tow truck Jacksonville,urgent towing service Jacksonville open 24 hours
Car towing and tow truck Jacksonville,vehicle towing service near me Jacksonville
Car towing and tow truck Jacksonville,emergency roadside towing Jacksonville 24 hours
Car towing and tow truck Jacksonville,cheap car towing near me Jacksonville
Car towing and tow truck Jacksonville,emergency tow Jacksonville available 24 hours
Car towing and tow truck Jacksonville,tow service near me Jacksonville
Car towing and tow truck Jacksonville,24 hour emergency tow truck Jacksonville
Car towing and tow truck Jacksonville,nearest tow truck in Jacksonville
Car towing and tow truck Jacksonville,emergency towing service in Jacksonville 24 hours
Car towing and tow truck Jacksonville,tow truck company near me Jacksonville
Car towing and tow truck Jacksonville,around-the-clock emergency towing Jacksonville
Car towing and tow truck Jacksonville,local car tow near me Jacksonville
Car towing and tow truck Jacksonville,emergency vehicle towing Jacksonville 24 hours
Car towing and tow truck Jacksonville,24 hour car towing near me Jacksonville
Car towing and tow truck Jacksonville,immediate emergency towing Jacksonville 24 hours
Christian senior dating,dating sites for Christian seniors
Christian senior dating,best dating sites for Christian seniors
Christian senior dating,Christian senior dating sites
Christian senior dating,online dating for Christian seniors
Christian senior dating,Christian dating sites for seniors over 50
Christian senior dating,senior Christian dating websites
Christian senior dating,dating apps for Christian seniors
Christian senior dating,where can Christian seniors find dating sites
Christian senior dating,Christian singles over 60 dating sites
Christian senior dating,Christian senior citizen dating sites
Christian senior dating,church-based dating sites for Christian seniors
Coffee maker,best coffee maker under $100
Coffee maker,best coffee maker under $100
Coffee maker,what is the best coffee maker under $100
Coffee maker,top coffee makers under $100
Coffee maker,best coffee makers for under $100
Coffee maker,best cheap coffee maker under $100
Coffee maker,best affordable coffee maker under $100
Coffee maker,which coffee maker is best under $100
Coffee maker,best-rated coffee maker under $100
Coffee maker,best coffee machine under $100
Coffee maker,best coffee maker to buy under $100
Comcast Xfinity cancel,how to cancel Comcast Xfinity
Comcast Xfinity cancel,Xfinity customer service phone number
Comcast Xfinity cancel,cancel Xfinity internet
Comcast Xfinity cancel,how do I cancel my Comcast Xfinity service
Comcast Xfinity cancel,Xfinity customer service number
Comcast Xfinity cancel,how to cancel Xfinity internet service
Comcast Xfinity cancel,steps to cancel Comcast Xfinity
Comcast Xfinity cancel,Comcast Xfinity customer support phone
Comcast Xfinity cancel,cancel Xfinity home internet
Comcast Xfinity cancel,can I cancel Comcast Xfinity online
Comcast Xfinity cancel,phone number for Xfinity customer service
Comcast Xfinity cancel,how do I cancel Xfinity internet plan
Comcast Xfinity cancel,how to end my Comcast Xfinity account
Comcast Xfinity cancel,Xfinity support phone number
Comcast Xfinity cancel,cancel my Xfinity internet
Comcast Xfinity cancel,what's the process to cancel Comcast Xfinity
Comcast Xfinity cancel,contact number for Xfinity customer service
Comcast Xfinity cancel,stop Xfinity internet service
Comcast Xfinity cancel,how to terminate Comcast Xfinity service
Comcast Xfinity cancel,how to call Xfinity customer service
Comcast Xfinity cancel,cancel Xfinity internet subscription
Comcast Xfinity cancel,how do I cancel Comcast Xfinity contract
Comcast Xfinity cancel,Xfinity customer care phone number
Comcast Xfinity cancel,how to disconnect Xfinity internet
Comcast Xfinity cancel,how to cancel Comcast Xfinity account online
Comcast Xfinity cancel,Comcast Xfinity phone number for customer service
Comcast Xfinity cancel,cancel Xfinity internet and equipment
Comcast Xfinity cancel,how to cancel Comcast Xfinity without paying fee
Comcast Xfinity cancel,Xfinity phone support number
Comcast Xfinity cancel,how to cancel Xfinity internet online
Comcast Xfinity cancel,how to cancel Comcast Xfinity over the phone
Comcast Xfinity cancel,Xfinity customer service contact number
Comcast Xfinity cancel,steps to cancel Xfinity internet service
Cox cancel,how to cancel Cox cable
Cox cancel,how do I cancel Cox cable
Cox cancel,how can I cancel my Cox cable service
Cox cancel,cancel Cox cable service
Cox cancel,how to cancel my Cox cable subscription
Cox cancel,Cox cable cancellation process
Cox cancel,how to cancel Cox cable online
Cox cancel,phone number to cancel Cox cable
Cox cancel,how to stop Cox cable service
Cox cancel,how to terminate Cox cable service
Cox cancel,steps to cancel Cox cable
Credit card switch,which credit card should I switch to
Credit card switch,what credit card should I switch to
Credit card switch,which credit card is best for me to switch to
Credit card switch,which credit card should I move to
Credit card switch,best credit card to switch to
Credit card switch,should I switch credit cards and which one should I pick
Credit card switch,what card should I switch my credit card to
Credit card switch,recommendations for which credit card to switch to
Credit card switch,which credit card should I change to
Credit card switch,which credit card should I switch to for better benefits
Credit card switch,which credit card should I switch to right now
Credit score,how to fix credit score fast
Credit score,how to improve credit score
Credit score,how can i fix my credit score fast
Credit score,how to improve my credit score
Credit score,ways to fix credit score quickly
Credit score,how to raise my credit score
Credit score,quick steps to repair credit score
Credit score,tips to improve credit score
Credit score,how do i fix my credit score fast
Credit score,best ways to improve credit score
Credit score,how to boost credit score quickly
Credit score,how can i improve my credit score
Credit score,fast ways to rebuild credit score
Credit score,how to increase credit score
Credit score,immediate actions to fix credit score
Credit score,steps to improve my credit score
Credit score,how to repair my credit score fast
Credit score,ways to improve your credit score
Credit score,speed up fixing my credit score
Credit score,simple ways to improve credit score
Credit score,what to do to fix credit score fast
Credit score,how to improve a credit score
Criminal defense lawyer Milwaukee,best criminal defense lawyer Milwaukee
Criminal defense lawyer Milwaukee,top criminal defense lawyer in Milwaukee
Criminal defense lawyer Milwaukee,best criminal defense attorney near Milwaukee
Criminal defense lawyer Milwaukee,who is the best criminal defense lawyer in Milwaukee
Criminal defense lawyer Milwaukee,top-rated criminal defense lawyer Milwaukee
Criminal defense lawyer Milwaukee,experienced criminal defense attorney in Milwaukee
Criminal defense lawyer Milwaukee,local top criminal defense lawyer Milwaukee
Criminal defense lawyer Milwaukee,best criminal lawyer for defense in Milwaukee
Criminal defense lawyer Milwaukee,find the best criminal defense lawyer in Milwaukee
Criminal defense lawyer Milwaukee,highly rated criminal defense attorney in Milwaukee
Criminal defense lawyer Milwaukee,best criminal defense lawyer near Milwaukee
Criminal defense lawyer Atlanta,best criminal defense lawyer Atlanta
Criminal defense lawyer Atlanta,top criminal defense lawyer in Atlanta
Criminal defense lawyer Atlanta,best criminal defense attorney near Atlanta
Criminal defense lawyer Atlanta,who is the best criminal defense lawyer in Atlanta
Criminal defense lawyer Atlanta,top-rated criminal defense lawyer Atlanta
Criminal defense lawyer Atlanta,experienced criminal defense attorney in Atlanta
Criminal defense lawyer Atlanta,local top criminal defense lawyer Atlanta
Criminal defense lawyer Atlanta,best criminal lawyer for defense in Atlanta
Criminal defense lawyer Atlanta,find the best criminal defense lawyer in Atlanta
Criminal defense lawyer Atlanta,highly rated criminal defense attorney in Atlanta
Criminal defense lawyer Atlanta,best criminal defense lawyer near Atlanta
Criminal defense lawyer Milwaukee,best criminal defense lawyer Milwaukee
Criminal defense lawyer Milwaukee,top criminal defense lawyer in Milwaukee
Criminal defense lawyer Milwaukee,best criminal defense attorney near Milwaukee
Criminal defense lawyer Milwaukee,who is the best criminal defense lawyer in Milwaukee
Criminal defense lawyer Milwaukee,top-rated criminal defense lawyer Milwaukee
Criminal defense lawyer Milwaukee,experienced criminal defense attorney in Milwaukee
Criminal defense lawyer Milwaukee,local top criminal defense lawyer Milwaukee
Criminal defense lawyer Milwaukee,best criminal lawyer for defense in Milwaukee
Criminal defense lawyer Milwaukee,find the best criminal defense lawyer in Milwaukee
Criminal defense lawyer Milwaukee,highly rated criminal defense attorney in Milwaukee
Criminal defense lawyer Milwaukee,best criminal defense lawyer near Milwaukee
Crypto invest,what crypto should I buy
Crypto invest,best cryptocurrency to invest in
Crypto invest,which crypto should I buy
Crypto invest,what is the best cryptocurrency to invest in
Crypto invest,what digital coin should I buy
Crypto invest,top cryptocurrencies to invest in now
Crypto invest,which cryptocurrency should I buy today
Crypto invest,best crypto investments right now
Crypto invest,what crypto is worth buying
Crypto invest,which cryptocurrency is best to invest in
Crypto invest,which crypto coins should I buy
Crypto invest,best crypto to invest in for beginners
Crypto invest,should I buy cryptocurrency and which one
Crypto invest,best long term cryptocurrency to invest in
Crypto invest,help me decide which crypto to buy
Crypto invest,best cryptocurrencies for investment
Crypto invest,which crypto should I purchase
Crypto invest,best crypto to put money into
Crypto invest,what crypto is the best to buy
Crypto invest,most promising cryptocurrency to invest in
Crypto invest,which coin should I buy in the crypto market
Crypto invest,which crypto is the best investment
DUI lawyer St. Louis,DUI lawyer near me St. Louis
DUI lawyer St. Louis,I got arrested for DUI need a lawyer St. Louis
DUI lawyer St. Louis,DUI attorney free consultation Ohio
DUI lawyer St. Louis,DUI lawyer near me in St. Louis
DUI lawyer St. Louis,I got arrested for a DUI and need a lawyer in St. Louis
DUI lawyer St. Louis,DUI attorney free consultation in Ohio
DUI lawyer St. Louis,find a DUI lawyer near me St. Louis
DUI lawyer St. Louis,just arrested for DUI need a lawyer St. Louis
DUI lawyer St. Louis,free consultation DUI attorney Ohio
DUI lawyer St. Louis,best DUI lawyer near me St. Louis
DUI lawyer St. Louis,arrested for DUI what lawyer do I need St. Louis
DUI lawyer St. Louis,DUI lawyer offering free consultation Ohio
DUI lawyer St. Louis,local DUI attorney near me St. Louis
DUI lawyer St. Louis,I was arrested for DUI need an attorney St. Louis
DUI lawyer St. Louis,free initial consultation DUI attorney Ohio
DUI lawyer St. Louis,DUI defense lawyer near me St. Louis
DUI lawyer St. Louis,help I got arrested for DUI need a lawyer St. Louis
DUI lawyer St. Louis,DUI attorney free consult Ohio
DUI lawyer St. Louis,nearby DUI lawyer St. Louis
DUI lawyer St. Louis,I got arrested for a DUI where to find a lawyer St. Louis
DUI lawyer St. Louis,free DUI consultation attorney Ohio
DUI lawyer St. Louis,hire a DUI lawyer near me St. Louis
DUI lawyer St. Louis,I got arrested for DUI need legal help and a lawyer St. Louis
DUI lawyer St. Louis,DUI attorney free consultation near me Ohio
DUI lawyer St. Louis,DUI defense attorney near me St. Louis
DUI lawyer St. Louis,I just got arrested for DUI need an attorney fast St. Louis
DUI lawyer St. Louis,find DUI attorney with free consultation Ohio
DUI lawyer St. Louis,experienced DUI lawyer near me St. Louis
DUI lawyer St. Louis,got arrested for DUI need a defense lawyer St. Louis
DUI lawyer St. Louis,DUI attorney offering free consultation Ohio
DUI lawyer St. Louis,nearest DUI lawyer to me St. Louis
DUI lawyer St. Louis,I was just arrested for a DUI and need a lawyer now St. Louis
DUI lawyer St. Louis,free consultation for DUI cases attorney Ohio
DUI lawyer Louisville,DUI lawyer near me Louisville
DUI lawyer Louisville,I got arrested for DUI need a lawyer Louisville
DUI lawyer Louisville,DUI attorney free consultation New Jersey
DUI lawyer Louisville,DUI lawyer near me in Louisville
DUI lawyer Louisville,I got arrested for a DUI and need a lawyer in Louisville
DUI lawyer Louisville,DUI attorney free consultation in New Jersey
DUI lawyer Louisville,find a DUI lawyer near me Louisville
DUI lawyer Louisville,just arrested for DUI need a lawyer Louisville
DUI lawyer Louisville,free consultation DUI attorney New Jersey
DUI lawyer Louisville,best DUI lawyer near me Louisville
DUI lawyer Louisville,arrested for DUI what lawyer do I need Louisville
DUI lawyer Louisville,DUI lawyer offering free consultation New Jersey
DUI lawyer Louisville,local DUI attorney near me Louisville
DUI lawyer Louisville,I was arrested for DUI need an attorney Louisville
DUI lawyer Louisville,free initial consultation DUI attorney New Jersey
DUI lawyer Louisville,DUI defense lawyer near me Louisville
DUI lawyer Louisville,help I got arrested for DUI need a lawyer Louisville
DUI lawyer Louisville,DUI attorney free consult New Jersey
DUI lawyer Louisville,nearby DUI lawyer Louisville
DUI lawyer Louisville,I got arrested for a DUI where to find a lawyer Louisville
DUI lawyer Louisville,free DUI consultation attorney New Jersey
DUI lawyer Louisville,hire a DUI lawyer near me Louisville
DUI lawyer Louisville,I got arrested for DUI need legal help and a lawyer Louisville
DUI lawyer Louisville,DUI attorney free consultation near me New Jersey
DUI lawyer Louisville,DUI defense attorney near me Louisville
DUI lawyer Louisville,I just got arrested for DUI need an attorney fast Louisville
DUI lawyer Louisville,find DUI attorney with free consultation New Jersey
DUI lawyer Louisville,experienced DUI lawyer near me Louisville
DUI lawyer Louisville,got arrested for DUI need a defense lawyer Louisville
DUI lawyer Louisville,DUI attorney offering free consultation New Jersey
DUI lawyer Louisville,nearest DUI lawyer to me Louisville
DUI lawyer Louisville,I was just arrested for a DUI and need a lawyer now Louisville
DUI lawyer Louisville,free consultation for DUI cases attorney New Jersey
DUI lawyer Miami,DUI lawyer near me Miami
DUI lawyer Miami,I got arrested for DUI need a lawyer Miami
DUI lawyer Miami,DUI attorney free consultation Colorado
DUI lawyer Miami,DUI lawyer near me in Miami
DUI lawyer Miami,I got arrested for a DUI and need a lawyer in Miami
DUI lawyer Miami,DUI attorney free consultation in Colorado
DUI lawyer Miami,find a DUI lawyer near me Miami
DUI lawyer Miami,just arrested for DUI need a lawyer Miami
DUI lawyer Miami,free consultation DUI attorney Colorado
DUI lawyer Miami,best DUI lawyer near me Miami
DUI lawyer Miami,arrested for DUI what lawyer do I need Miami
DUI lawyer Miami,DUI lawyer offering free consultation Colorado
DUI lawyer Miami,local DUI attorney near me Miami
DUI lawyer Miami,I was arrested for DUI need an attorney Miami
DUI lawyer Miami,free initial consultation DUI attorney Colorado
DUI lawyer Miami,DUI defense lawyer near me Miami
DUI lawyer Miami,help I got arrested for DUI need a lawyer Miami
DUI lawyer Miami,DUI attorney free consult Colorado
DUI lawyer Miami,nearby DUI lawyer Miami
DUI lawyer Miami,I got arrested for a DUI where to find a lawyer Miami
DUI lawyer Miami,free DUI consultation attorney Colorado
DUI lawyer Miami,hire a DUI lawyer near me Miami
DUI lawyer Miami,I got arrested for DUI need legal help and a lawyer Miami
DUI lawyer Miami,DUI attorney free consultation near me Colorado
DUI lawyer Miami,DUI defense attorney near me Miami
DUI lawyer Miami,I just got arrested for DUI need an attorney fast Miami
DUI lawyer Miami,find DUI attorney with free consultation Colorado
DUI lawyer Miami,experienced DUI lawyer near me Miami
DUI lawyer Miami,got arrested for DUI need a defense lawyer Miami
DUI lawyer Miami,DUI attorney offering free consultation Colorado
DUI lawyer Miami,nearest DUI lawyer to me Miami
DUI lawyer Miami,I was just arrested for a DUI and need a lawyer now Miami
DUI lawyer Miami,free consultation for DUI cases attorney Colorado
Dash cam,best dash cam
Dash cam,what is the best dash cam
Dash cam,best dash cam 2026
Dash cam,top dash cams
Dash cam,best dash cam for cars
Dash cam,which dash cam is best
Dash cam,best dash cam for night driving
Dash cam,best budget dash cam
Dash cam,best high-end dash cam
Dash cam,best dual lens dash cam
Dash cam,best-rated dash cams
Date night restaurants Sacramento,best date night restaurants Sacramento
Date night restaurants Sacramento,best romantic restaurants in Sacramento
Date night restaurants Sacramento,top date night restaurants in Sacramento
Date night restaurants Sacramento,romantic dinner spots Sacramento
Date night restaurants Sacramento,best places for a date night in Sacramento
Date night restaurants Sacramento,best restaurants for date night in Sacramento
Date night restaurants Sacramento,cozy date night restaurants in Sacramento
Date night restaurants Sacramento,where to go for date night in Sacramento
Date night restaurants Sacramento,date night dining options Sacramento
Date night restaurants Sacramento,most romantic places to eat in Sacramento
Date night restaurants Sacramento,popular date night restaurants in Sacramento
Date night restaurants Albuquerque,best date night restaurants Albuquerque
Date night restaurants Albuquerque,best romantic restaurants in Albuquerque
Date night restaurants Albuquerque,top date night restaurants in Albuquerque
Date night restaurants Albuquerque,romantic dinner spots Albuquerque
Date night restaurants Albuquerque,best places for a date night in Albuquerque
Date night restaurants Albuquerque,best restaurants for date night in Albuquerque
Date night restaurants Albuquerque,cozy date night restaurants in Albuquerque
Date night restaurants Albuquerque,where to go for date night in Albuquerque
Date night restaurants Albuquerque,date night dining options Albuquerque
Date night restaurants Albuquerque,most romantic places to eat in Albuquerque
Date night restaurants Albuquerque,popular date night restaurants in Albuquerque
Date night restaurants San Diego,best date night restaurants San Diego
Date night restaurants San Diego,best romantic restaurants in San Diego
Date night restaurants San Diego,top date night restaurants in San Diego
Date night restaurants San Diego,romantic dinner spots San Diego
Date night restaurants San Diego,best places for a date night in San Diego
Date night restaurants San Diego,best restaurants for date night in San Diego
Date night restaurants San Diego,cozy date night restaurants in San Diego
Date night restaurants San Diego,where to go for date night in San Diego
Date night restaurants San Diego,date night dining options San Diego
Date night restaurants San Diego,most romantic places to eat in San Diego
Date night restaurants San Diego,popular date night restaurants in San Diego
Dating after 65,online dating after 65 tips
Dating after 65,tips for online dating after 65
Dating after 65,how to start online dating at 65
Dating after 65,online dating advice for people over 65
Dating after 65,best online dating tips for 65+
Dating after 65,safety tips for online dating after 65
Dating after 65,dating apps guidance for singles over 65
Dating after 65,how to succeed at online dating after 65
Dating after 65,online dating tips for seniors 65 and older
Dating after 65,beginner tips for online dating after 65
Dating after 65,how to meet people online after 65
Dating apps divorced men over 50,best dating apps for divorced men over 50
Dating apps divorced men over 50,dating apps for divorced men over 50
Dating apps divorced men over 50,best dating sites and apps for divorced men over 50
Dating apps divorced men over 50,top dating apps for divorced guys over 50
Dating apps divorced men over 50,dating apps for men over 50 who are divorced
Dating apps divorced men over 50,best apps for dating after divorce for men over 50
Dating apps divorced men over 50,best dating apps for 50+ divorced men
Dating apps divorced men over 50,which dating apps are best for divorced men over 50
Dating apps divorced men over 50,dating platforms for divorced men in their 50s
Dating apps divorced men over 50,apps for divorced men over 50 looking to date
Dating apps divorced men over 50,recommended dating apps for men over 50 after divorce
Dating apps divorced women over 50,best dating apps for divorced women over 50
Dating apps divorced women over 50,top dating apps for divorced women over 50
Dating apps divorced women over 50,best dating apps for divorced women over 50 years old
Dating apps divorced women over 50,dating apps for divorced women over 50
Dating apps divorced women over 50,best dating sites and apps for divorced women over 50
Dating apps divorced women over 50,which dating apps are best for divorced women over 50
Dating apps divorced women over 50,best apps for dating for divorced women over 50
Dating apps divorced women over 50,dating apps recommended for divorced women over 50
Dating apps divorced women over 50,where can divorced women over 50 find dating apps
Dating apps divorced women over 50,best senior dating apps for divorced women over 50
Dating apps divorced women over 50,best mobile dating apps for women over 50 who are divorced
Dating platform review OurTime,review of OurTime site
Dating platform review OurTime,reviews of the OurTime site
Dating platform review OurTime,honest review of OurTime site
Dating platform review OurTime,user reviews for OurTime site
Dating platform review OurTime,what do people say about OurTime site
Dating platform review OurTime,is the OurTime site worth it review
Dating platform review OurTime,expert review of OurTime site
Dating platform review OurTime,detailed review of OurTime site
Dating platform review OurTime,customer feedback and review for OurTime site
Dating platform review OurTime,latest reviews of OurTime site
Dating platform review OurTime,is OurTime site legit reviews and ratings
Dating platform review Christian Mingle,review of Christian Mingle site
Dating platform review Christian Mingle,reviews of the Christian Mingle site
Dating platform review Christian Mingle,honest review of Christian Mingle site
Dating platform review Christian Mingle,user reviews for Christian Mingle site
Dating platform review Christian Mingle,what do people say about Christian Mingle site
Dating platform review Christian Mingle,is the Christian Mingle site worth it review
Dating platform review Christian Mingle,expert review of Christian Mingle site
Dating platform review Christian Mingle,detailed review of Christian Mingle site
Dating platform review Christian Mingle,customer feedback and review for Christian Mingle site
Dating platform review Christian Mingle,latest reviews of Christian Mingle site
Dating platform review Christian Mingle,is Christian Mingle site legit reviews and ratings
Dating platform review OurTime,review of OurTime site
Dating platform review OurTime,reviews of the OurTime site
Dating platform review OurTime,honest review of OurTime site
Dating platform review OurTime,user reviews for OurTime site
Dating platform review OurTime,what do people say about OurTime site
Dating platform review OurTime,is the OurTime site worth it review
Dating platform review OurTime,expert review of OurTime site
Dating platform review OurTime,detailed review of OurTime site
Dating platform review OurTime,customer feedback and review for OurTime site
Dating platform review OurTime,latest reviews of OurTime site
Dating platform review OurTime,is OurTime site legit reviews and ratings
Dating retirement community Atlanta,dating in retirement community Atlanta
Dating retirement community Atlanta,dating in a retirement community Atlanta
Dating retirement community Atlanta,dating at a retirement community in Atlanta
Dating retirement community Atlanta,senior dating in a retirement community Atlanta
Dating retirement community Atlanta,how to find dates in a retirement community Atlanta
Dating retirement community Atlanta,romance in a retirement community near Atlanta
Dating retirement community Atlanta,best ways to meet singles in a retirement community Atlanta
Dating retirement community Atlanta,dating events at a retirement community Atlanta
Dating retirement community Atlanta,tips for dating someone in a retirement community Atlanta
Dating retirement community Atlanta,looking for a partner in a retirement community Atlanta
Dating retirement community Atlanta,online dating for residents of a retirement community Atlanta
Dating retirement community Milwaukee,dating in retirement community Milwaukee
Dating retirement community Milwaukee,dating in a retirement community Milwaukee
Dating retirement community Milwaukee,dating at a retirement community in Milwaukee
Dating retirement community Milwaukee,senior dating in a retirement community Milwaukee
Dating retirement community Milwaukee,how to find dates in a retirement community Milwaukee
Dating retirement community Milwaukee,romance in a retirement community near Milwaukee
Dating retirement community Milwaukee,best ways to meet singles in a retirement community Milwaukee
Dating retirement community Milwaukee,dating events at a retirement community Milwaukee
Dating retirement community Milwaukee,tips for dating someone in a retirement community Milwaukee
Dating retirement community Milwaukee,looking for a partner in a retirement community Milwaukee
Dating retirement community Milwaukee,online dating for residents of a retirement community Milwaukee
Dating retirement community Philadelphia,dating in retirement community Philadelphia
Dating retirement community Philadelphia,dating in a retirement community Philadelphia
Dating retirement community Philadelphia,dating at a retirement community in Philadelphia
Dating retirement community Philadelphia,senior dating in a retirement community Philadelphia
Dating retirement community Philadelphia,how to find dates in a retirement community Philadelphia
Dating retirement community Philadelphia,romance in a retirement community near Philadelphia
Dating retirement community Philadelphia,best ways to meet singles in a retirement community Philadelphia
Dating retirement community Philadelphia,dating events at a retirement community Philadelphia
Dating retirement community Philadelphia,tips for dating someone in a retirement community Philadelphia
Dating retirement community Philadelphia,looking for a partner in a retirement community Philadelphia
Dating retirement community Philadelphia,online dating for residents of a retirement community Philadelphia
Dating safety seniors,online dating safety tips for seniors
Dating safety seniors,safety tips for seniors using online dating
Dating safety seniors,how can seniors stay safe on dating sites
Dating safety seniors,online dating safety advice for older adults
Dating safety seniors,best safety practices for seniors on dating apps
Dating safety seniors,security tips for elderly people using online dating
Dating safety seniors,how to avoid scams on dating sites for seniors
Dating safety seniors,tips to protect seniors while online dating
Dating safety seniors,online dating safety checklist for seniors
Dating safety seniors,what are safety rules for seniors on dating apps
Dating safety seniors,guide to safe online dating for seniors
Dating serious over 50,best dating app for serious relationships over 50
Dating serious over 50,best dating app for people over 50 looking for serious relationships
Dating serious over 50,dating apps for over 50 seeking long-term relationships
Dating serious over 50,best app to find a committed relationship after 50
Dating serious over 50,top dating apps for mature singles wanting serious relationships
Dating serious over 50,dating app recommendations for over 50 who want a serious relationship
Dating serious over 50,best sites and apps for long-term relationships for 50 plus
Dating serious over 50,which dating app is best for serious relationships for those over 50
Dating serious over 50,dating apps that cater to people over 50 seeking committed partners
Dating serious over 50,best dating platforms for finding a long-term partner after age 50
Dating serious over 50,best relationship-focused dating apps for 50+ singles
Dating site legitimate Bumble,is Bumble legitimate
Dating site legitimate Bumble,Is Bumble legit?
Dating site legitimate Bumble,Is Bumble a legitimate dating site?
Dating site legitimate Bumble,Is Bumble real or a scam?
Dating site legitimate Bumble,Can Bumble be trusted?
Dating site legitimate Bumble,Is Bumble safe to use?
Dating site legitimate Bumble,Is Bumble trustworthy?
Dating site legitimate Bumble,Is Bumble a scam?
Dating site legitimate Bumble,Should I trust Bumble?
Dating site legitimate Bumble,Are people saying Bumble is legit?
Dating site legitimate Bumble,Reviews: is Bumble legitimate?
Dating site legitimate OurTime,is OurTime legitimate
Dating site legitimate OurTime,Is OurTime legit?
Dating site legitimate OurTime,Is OurTime a legitimate dating site?
Dating site legitimate OurTime,Is OurTime real or a scam?
Dating site legitimate OurTime,Can OurTime be trusted?
Dating site legitimate OurTime,Is OurTime safe to use?
Dating site legitimate OurTime,Is OurTime trustworthy?
Dating site legitimate OurTime,Is OurTime a scam?
Dating site legitimate OurTime,Should I trust OurTime?
Dating site legitimate OurTime,Are people saying OurTime is legit?
Dating site legitimate OurTime,Reviews: is OurTime legitimate?
Dating site legitimate Hinge,is Hinge legitimate
Dating site legitimate Hinge,Is Hinge legit?
Dating site legitimate Hinge,Is Hinge a legitimate dating site?
Dating site legitimate Hinge,Is Hinge real or a scam?
Dating site legitimate Hinge,Can Hinge be trusted?
Dating site legitimate Hinge,Is Hinge safe to use?
Dating site legitimate Hinge,Is Hinge trustworthy?
Dating site legitimate Hinge,Is Hinge a scam?
Dating site legitimate Hinge,Should I trust Hinge?
Dating site legitimate Hinge,Are people saying Hinge is legit?
Dating site legitimate Hinge,Reviews: is Hinge legitimate?
Dating site professionals over 40,best dating site for professionals over 40
Dating site professionals over 40,best dating site for professionals in their 40s
Dating site professionals over 40,top dating sites for professionals over 40
Dating site professionals over 40,best dating apps for professionals over 40
Dating site professionals over 40,dating sites for 40+ professionals
Dating site professionals over 40,best online dating for professionals aged 40 and over
Dating site professionals over 40,which dating site is best for professionals over 40
Dating site professionals over 40,where can professionals over 40 find dating sites
Dating site professionals over 40,dating sites tailored to professionals over 40
Dating site professionals over 40,best websites for professionals 40 and older to find dates
Dating site professionals over 40,top dating services for career professionals over 40
Dating sites seniors 70,best dating sites for seniors over 70
Dating sites seniors 70,free dating sites for seniors
Dating sites seniors 70,best dating sites for people over 70
Dating sites seniors 70,free dating sites for seniors
Dating sites seniors 70,top dating websites for seniors 70+
Dating sites seniors 70,best free dating sites for seniors
Dating sites seniors 70,which dating sites are best for those over 70
Dating sites seniors 70,free senior dating websites
Dating sites seniors 70,best online dating for 70 year olds
Dating sites seniors 70,free dating apps for seniors
Dating sites seniors 70,best dating websites for over 70s
Dating sites seniors 70,free dating sites for older adults
Dating sites seniors 70,top senior dating sites for people over 70
Dating sites seniors 70,no-cost dating sites for seniors
Dating sites seniors 70,what are the best dating sites for anyone over 70
Dating sites seniors 70,are there free dating sites for seniors
Dating sites seniors 70,best dating apps and sites for seniors over 70
Dating sites seniors 70,free senior dating platforms
Dating sites seniors 70,best dating platforms for seniors age 70 and up
Dating sites seniors 70,free online dating for seniors
Dating sites seniors 70,which dating sites are best for over 70s
Dating sites seniors 70,where to find free dating sites for seniors
Dating widows widowers,best dating sites for widows widowers
Dating widows widowers,best dating sites for widows and widowers
Dating widows widowers,top dating websites for widowed singles
Dating widows widowers,best dating apps for widows/widowers
Dating widows widowers,which dating sites are best for widows and widowers
Dating widows widowers,dating sites for widowed people best options
Dating widows widowers,best online dating sites for people who are widowed
Dating widows widowers,most popular dating sites for widowers and widows
Dating widows widowers,best platforms for dating after being widowed
Dating widows widowers,where to find dating sites for widows and widowers
Dating widows widowers,best sites for widows widowers to meet singles online
Dating with disabilities,online dating for people with disabilities
Dating with disabilities,best online dating sites for people with disabilities
Dating with disabilities,dating apps for people with disabilities
Dating with disabilities,online dating for disabled people
Dating with disabilities,how to find dating sites for people with disabilities
Dating with disabilities,inclusive dating sites for people with disabilities
Dating with disabilities,dating websites for wheelchair users and people with disabilities
Dating with disabilities,where can people with disabilities meet singles online
Dating with disabilities,tips for online dating with a disability
Dating with disabilities,accessible dating apps for people with disabilities
Dating with disabilities,platforms for online dating for people with disabilities
Delta Airlines,change Delta Airlines ticket
Delta Airlines,Delta Airlines customer service number
Delta Airlines,how to change Delta Airlines ticket
Delta Airlines,Delta Airlines customer service phone number
Delta Airlines,modify a Delta Airlines ticket online
Delta Airlines,how to call Delta Airlines customer service
Delta Airlines,Delta Airlines ticket change policy
Delta Airlines,Delta Airlines contact number
Delta Airlines,reschedule my Delta Airlines flight
Delta Airlines,phone number for Delta Airlines customer support
Delta Airlines,can I change my Delta Airlines booking
Delta Airlines,Delta Airlines reservations phone number
Delta Airlines,change flight on Delta Airlines reservation
Delta Airlines,Delta Airlines customer care number
Delta Airlines,Delta Airlines change fee and process
Delta Airlines,Delta Airlines support phone number
Delta Airlines,how do I change a Delta Airlines booking
Delta Airlines,phone number to reach Delta Airlines
Delta Airlines,Delta Airlines change reservation online
Delta Airlines,Delta Airlines helpline number
Delta Airlines,edit or change a Delta Airlines ticket
Delta Airlines,Delta Airlines contact phone number
Disney Plus cancel,how to cancel Disney Plus
Disney Plus cancel,how do I cancel Disney Plus
Disney Plus cancel,how can I cancel my Disney Plus subscription
Disney Plus cancel,cancel Disney Plus subscription
Disney Plus cancel,how to unsubscribe from Disney Plus
Disney Plus cancel,steps to cancel Disney Plus subscription
Disney Plus cancel,how to stop my Disney Plus subscription
Disney Plus cancel,how to cancel my Disney Plus account
Disney Plus cancel,how to end a Disney Plus subscription
Disney Plus cancel,delete Disney Plus account
Disney Plus cancel,how do I cancel a Disney Plus subscription
Dispute credit card charge,how to dispute credit card charge
Dispute credit card charge,how do I dispute a credit card charge
Dispute credit card charge,can I dispute a credit card charge
Dispute credit card charge,how to file a dispute for a credit card charge
Dispute credit card charge,how to contest a credit card charge
Dispute credit card charge,steps to dispute a charge on my credit card
Dispute credit card charge,how to challenge a credit card charge
Dispute credit card charge,how do I report an unauthorized credit card charge
Dispute credit card charge,what's the process to dispute a credit card charge
Dispute credit card charge,how to start a dispute with my credit card company for a charge
Dispute credit card charge,best way to dispute a credit card charge
Divorce lawyer Portland,divorce lawyer free consultation near Portland
Divorce lawyer Portland,divorce attorney free initial consultation near Portland
Divorce lawyer Portland,free consultation divorce lawyer near Portland
Divorce lawyer Portland,no-cost consultation with a divorce lawyer near Portland
Divorce lawyer Portland,find divorce lawyer who offers free consultation near Portland
Divorce lawyer Portland,divorce lawyer offering free consult near Portland
Divorce lawyer Portland,best divorce lawyers with free consultations near Portland
Divorce lawyer Portland,local divorce lawyer free consultation near Portland
Divorce lawyer Portland,divorce law firm free consultation near Portland
Divorce lawyer Portland,free initial consult with divorce attorney near Portland
Divorce lawyer Portland,affordable divorce lawyer free consultation near Portland
Divorce lawyer Fort Worth,divorce lawyer free consultation near Fort Worth
Divorce lawyer Fort Worth,divorce attorney free initial consultation near Fort Worth
Divorce lawyer Fort Worth,free consultation divorce lawyer near Fort Worth
Divorce lawyer Fort Worth,no-cost consultation with a divorce lawyer near Fort Worth
Divorce lawyer Fort Worth,find divorce lawyer who offers free consultation near Fort Worth
Divorce lawyer Fort Worth,divorce lawyer offering free consult near Fort Worth
Divorce lawyer Fort Worth,best divorce lawyers with free consultations near Fort Worth
Divorce lawyer Fort Worth,local divorce lawyer free consultation near Fort Worth
Divorce lawyer Fort Worth,divorce law firm free consultation near Fort Worth
Divorce lawyer Fort Worth,free initial consult with divorce attorney near Fort Worth
Divorce lawyer Fort Worth,affordable divorce lawyer free consultation near Fort Worth
Divorce lawyer Columbus,divorce lawyer free consultation near Columbus
Divorce lawyer Columbus,divorce attorney free initial consultation near Columbus
Divorce lawyer Columbus,free consultation divorce lawyer near Columbus
Divorce lawyer Columbus,no-cost consultation with a divorce lawyer near Columbus
Divorce lawyer Columbus,find divorce lawyer who offers free consultation near Columbus
Divorce lawyer Columbus,divorce lawyer offering free consult near Columbus
Divorce lawyer Columbus,best divorce lawyers with free consultations near Columbus
Divorce lawyer Columbus,local divorce lawyer free consultation near Columbus
Divorce lawyer Columbus,divorce law firm free consultation near Columbus
Divorce lawyer Columbus,free initial consult with divorce attorney near Columbus
Divorce lawyer Columbus,affordable divorce lawyer free consultation near Columbus
Doorbell camera,best doorbell camera
Doorbell camera,what is the best doorbell camera
Doorbell camera,top doorbell cameras
Doorbell camera,best video doorbell
Doorbell camera,best smart doorbell camera
Doorbell camera,which doorbell camera is best
Doorbell camera,best doorbell camera for home
Doorbell camera,best wireless doorbell camera
Doorbell camera,best doorbell camera with night vision
Doorbell camera,doorbell camera reviews
Doorbell camera,best-rated doorbell camera
Electric shaver,best electric shaver
Electric shaver,what is the best electric shaver
Electric shaver,best electric razor
Electric shaver,top electric shavers
Electric shaver,best electric shaver 2026
Electric shaver,which electric shaver is best
Electric shaver,best-rated electric shaver
Electric shaver,best electric shavers for a close shave
Electric shaver,best cordless electric shaver
Electric shaver,best cheap electric shaver
Electric shaver,best electric shaver reviews
Electric toothbrush,best electric toothbrush
Electric toothbrush,best electric toothbrush
Electric toothbrush,what's the best electric toothbrush
Electric toothbrush,best electric toothbrush 2026
Electric toothbrush,top electric toothbrush models
Electric toothbrush,best electric toothbrush to buy
Electric toothbrush,best rated electric toothbrush
Electric toothbrush,best electric toothbrush reviews
Electric toothbrush,which electric toothbrush is best
Electric toothbrush,best sonic electric toothbrush
Electric toothbrush,best overall electric toothbrush
Emergency HVAC Phoenix,emergency HVAC repair near me Phoenix
Emergency HVAC Phoenix,24-hour emergency HVAC repair near me Phoenix
Emergency HVAC Phoenix,urgent HVAC repair near me Phoenix
Emergency HVAC Phoenix,same-day emergency HVAC repair near me Phoenix
Emergency HVAC Phoenix,after-hours emergency HVAC repair near me Phoenix
Emergency HVAC Phoenix,emergency HVAC service near me Phoenix
Emergency HVAC Phoenix,emergency HVAC technicians near me Phoenix
Emergency HVAC Phoenix,emergency heating and cooling repair near me Phoenix
Emergency HVAC Phoenix,emergency AC and furnace repair near me Phoenix
Emergency HVAC Phoenix,local emergency HVAC repair near me Phoenix
Emergency HVAC Phoenix,fast emergency HVAC repair near me Phoenix
Emergency HVAC St. Louis,emergency HVAC repair near me St. Louis
Emergency HVAC St. Louis,24-hour emergency HVAC repair near me St. Louis
Emergency HVAC St. Louis,urgent HVAC repair near me St. Louis
Emergency HVAC St. Louis,same-day emergency HVAC repair near me St. Louis
Emergency HVAC St. Louis,after-hours emergency HVAC repair near me St. Louis
Emergency HVAC St. Louis,emergency HVAC service near me St. Louis
Emergency HVAC St. Louis,emergency HVAC technicians near me St. Louis
Emergency HVAC St. Louis,emergency heating and cooling repair near me St. Louis
Emergency HVAC St. Louis,emergency AC and furnace repair near me St. Louis
Emergency HVAC St. Louis,local emergency HVAC repair near me St. Louis
Emergency HVAC St. Louis,fast emergency HVAC repair near me St. Louis
Emergency HVAC Austin,emergency HVAC repair near me Austin
Emergency HVAC Austin,24-hour emergency HVAC repair near me Austin
Emergency HVAC Austin,urgent HVAC repair near me Austin
Emergency HVAC Austin,same-day emergency HVAC repair near me Austin
Emergency HVAC Austin,after-hours emergency HVAC repair near me Austin
Emergency HVAC Austin,emergency HVAC service near me Austin
Emergency HVAC Austin,emergency HVAC technicians near me Austin
Emergency HVAC Austin,emergency heating and cooling repair near me Austin
Emergency HVAC Austin,emergency AC and furnace repair near me Austin
Emergency HVAC Austin,local emergency HVAC repair near me Austin
Emergency HVAC Austin,fast emergency HVAC repair near me Austin
Emergency electrician Sacramento,emergency electrician near me Sacramento
Emergency electrician Sacramento,electrician open now Sacramento
Emergency electrician Sacramento,24 hour emergency electrician near me Sacramento
Emergency electrician Sacramento,electrician open now in Sacramento
Emergency electrician Sacramento,urgent electrician near me Sacramento
Emergency electrician Sacramento,is there an electrician open now Sacramento
Emergency electrician Sacramento,emergency electrical repair near me Sacramento
Emergency electrician Sacramento,24/7 electrician open now Sacramento
Emergency electrician Sacramento,local emergency electrician near me Sacramento
Emergency electrician Sacramento,electricians open now near me Sacramento
Emergency electrician Sacramento,after hours emergency electrician near me Sacramento
Emergency electrician Sacramento,local electrician open now Sacramento
Emergency electrician Sacramento,need emergency electrician near me Sacramento
Emergency electrician Sacramento,which electrician is open now Sacramento
Emergency electrician Sacramento,same day emergency electrician near me Sacramento
Emergency electrician Sacramento,find electrician open now Sacramento
Emergency electrician Sacramento,emergency electrician service near me Sacramento
Emergency electrician Sacramento,emergency electrician open now Sacramento
Emergency electrician Sacramento,best emergency electrician near me Sacramento
Emergency electrician Sacramento,licensed electrician open now Sacramento
Emergency electrician Sacramento,emergency electrician in Sacramento near me
Emergency electrician Sacramento,electrician businesses open now Sacramento
Emergency electrician Omaha,emergency electrician near me Omaha
Emergency electrician Omaha,electrician open now Omaha
Emergency electrician Omaha,24 hour emergency electrician near me Omaha
Emergency electrician Omaha,electrician open now in Omaha
Emergency electrician Omaha,urgent electrician near me Omaha
Emergency electrician Omaha,is there an electrician open now Omaha
Emergency electrician Omaha,emergency electrical repair near me Omaha
Emergency electrician Omaha,24/7 electrician open now Omaha
Emergency electrician Omaha,local emergency electrician near me Omaha
Emergency electrician Omaha,electricians open now near me Omaha
Emergency electrician Omaha,after hours emergency electrician near me Omaha
Emergency electrician Omaha,local electrician open now Omaha
Emergency electrician Omaha,need emergency electrician near me Omaha
Emergency electrician Omaha,which electrician is open now Omaha
Emergency electrician Omaha,same day emergency electrician near me Omaha
Emergency electrician Omaha,find electrician open now Omaha
Emergency electrician Omaha,emergency electrician service near me Omaha
Emergency electrician Omaha,emergency electrician open now Omaha
Emergency electrician Omaha,best emergency electrician near me Omaha
Emergency electrician Omaha,licensed electrician open now Omaha
Emergency electrician Omaha,emergency electrician in Omaha near me
Emergency electrician Omaha,electrician businesses open now Omaha
Emergency electrician St. Louis,emergency electrician near me St. Louis
Emergency electrician St. Louis,electrician open now St. Louis
Emergency electrician St. Louis,24 hour emergency electrician near me St. Louis
Emergency electrician St. Louis,electrician open now in St. Louis
Emergency electrician St. Louis,urgent electrician near me St. Louis
Emergency electrician St. Louis,is there an electrician open now St. Louis
Emergency electrician St. Louis,emergency electrical repair near me St. Louis
Emergency electrician St. Louis,24/7 electrician open now St. Louis
Emergency electrician St. Louis,local emergency electrician near me St. Louis
Emergency electrician St. Louis,electricians open now near me St. Louis
Emergency electrician St. Louis,after hours emergency electrician near me St. Louis
Emergency electrician St. Louis,local electrician open now St. Louis
Emergency electrician St. Louis,need emergency electrician near me St. Louis
Emergency electrician St. Louis,which electrician is open now St. Louis
Emergency electrician St. Louis,same day emergency electrician near me St. Louis
Emergency electrician St. Louis,find electrician open now St. Louis
Emergency electrician St. Louis,emergency electrician service near me St. Louis
Emergency electrician St. Louis,emergency electrician open now St. Louis
Emergency electrician St. Louis,best emergency electrician near me St. Louis
Emergency electrician St. Louis,licensed electrician open now St. Louis
Emergency electrician St. Louis,emergency electrician in St. Louis near me
Emergency electrician St. Louis,electrician businesses open now St. Louis
Emergency glass repair Omaha,emergency glass repair near me Omaha
Emergency glass repair Omaha,24/7 glass repair near me Omaha
Emergency glass repair Omaha,emergency window repair near me Omaha
Emergency glass repair Omaha,urgent glass repair near me Omaha
Emergency glass repair Omaha,same day broken glass repair near me Omaha
Emergency glass repair Omaha,local emergency glass service near me Omaha
Emergency glass repair Omaha,glass repair emergency near me Omaha
Emergency glass repair Omaha,fast emergency glass repair near me Omaha
Emergency glass repair Omaha,after hours glass repair near me Omaha
Emergency glass repair Omaha,emergency storefront glass repair near me Omaha
Emergency glass repair Omaha,mobile emergency glass repair near me Omaha
Emergency glass repair Sacramento,emergency glass repair near me Sacramento
Emergency glass repair Sacramento,24/7 glass repair near me Sacramento
Emergency glass repair Sacramento,emergency window repair near me Sacramento
Emergency glass repair Sacramento,urgent glass repair near me Sacramento
Emergency glass repair Sacramento,same day broken glass repair near me Sacramento
Emergency glass repair Sacramento,local emergency glass service near me Sacramento
Emergency glass repair Sacramento,glass repair emergency near me Sacramento
Emergency glass repair Sacramento,fast emergency glass repair near me Sacramento
Emergency glass repair Sacramento,after hours glass repair near me Sacramento
Emergency glass repair Sacramento,emergency storefront glass repair near me Sacramento
Emergency glass repair Sacramento,mobile emergency glass repair near me Sacramento
Emergency glass repair Honolulu,emergency glass repair near me Honolulu
Emergency glass repair Honolulu,24/7 glass repair near me Honolulu
Emergency glass repair Honolulu,emergency window repair near me Honolulu
Emergency glass repair Honolulu,urgent glass repair near me Honolulu
Emergency glass repair Honolulu,same day broken glass repair near me Honolulu
Emergency glass repair Honolulu,local emergency glass service near me Honolulu
Emergency glass repair Honolulu,glass repair emergency near me Honolulu
Emergency glass repair Honolulu,fast emergency glass repair near me Honolulu
Emergency glass repair Honolulu,after hours glass repair near me Honolulu
Emergency glass repair Honolulu,emergency storefront glass repair near me Honolulu
Emergency glass repair Honolulu,mobile emergency glass repair near me Honolulu
Emergency pest control Denver,emergency pest control near me Denver
Emergency pest control Denver,24/7 emergency pest control near me Denver
Emergency pest control Denver,urgent pest control near me Denver
Emergency pest control Denver,emergency pest exterminator near me Denver
Emergency pest control Denver,same day emergency pest control near me Denver
Emergency pest control Denver,emergency pest removal service near me Denver
Emergency pest control Denver,local emergency pest control near me Denver
Emergency pest control Denver,emergency pest control company near me Denver
Emergency pest control Denver,emergency pest control service near me Denver
Emergency pest control Denver,immediate pest control near me Denver
Emergency pest control Denver,emergency exterminator services near me Denver
Emergency pest control Tampa,emergency pest control near me Tampa
Emergency pest control Tampa,24/7 emergency pest control near me Tampa
Emergency pest control Tampa,urgent pest control near me Tampa
Emergency pest control Tampa,emergency pest exterminator near me Tampa
Emergency pest control Tampa,same day emergency pest control near me Tampa
Emergency pest control Tampa,emergency pest removal service near me Tampa
Emergency pest control Tampa,local emergency pest control near me Tampa
Emergency pest control Tampa,emergency pest control company near me Tampa
Emergency pest control Tampa,emergency pest control service near me Tampa
Emergency pest control Tampa,immediate pest control near me Tampa
Emergency pest control Tampa,emergency exterminator services near me Tampa
Emergency pest control Las Vegas,emergency pest control near me Las Vegas
Emergency pest control Las Vegas,24/7 emergency pest control near me Las Vegas
Emergency pest control Las Vegas,urgent pest control near me Las Vegas
Emergency pest control Las Vegas,emergency pest exterminator near me Las Vegas
Emergency pest control Las Vegas,same day emergency pest control near me Las Vegas
Emergency pest control Las Vegas,emergency pest removal service near me Las Vegas
Emergency pest control Las Vegas,local emergency pest control near me Las Vegas
Emergency pest control Las Vegas,emergency pest control company near me Las Vegas
Emergency pest control Las Vegas,emergency pest control service near me Las Vegas
Emergency pest control Las Vegas,immediate pest control near me Las Vegas
Emergency pest control Las Vegas,emergency exterminator services near me Las Vegas
Emergency plumber Dallas,emergency plumber near me Dallas
Emergency plumber Dallas,plumber open now Dallas
Emergency plumber Dallas,24 hour emergency plumber near me Dallas
Emergency plumber Dallas,plumber open now near me Dallas
Emergency plumber Dallas,emergency plumbing service near me Dallas
Emergency plumber Dallas,plumber open now in Dallas
Emergency plumber Dallas,urgent plumber near me Dallas
Emergency plumber Dallas,is there a plumber open now Dallas
Emergency plumber Dallas,local emergency plumber near me Dallas
Emergency plumber Dallas,find plumber open now Dallas
Emergency plumber Dallas,emergency plumber nearby Dallas
Emergency plumber Dallas,plumbers open right now Dallas
Emergency plumber Dallas,emergency plumber in Dallas near me
Emergency plumber Dallas,24/7 plumber open now Dallas
Emergency plumber Dallas,same day emergency plumber near me Dallas
Emergency plumber Dallas,plumber available now near me Dallas
Emergency plumber Dallas,after hours emergency plumber near me Dallas
Emergency plumber Dallas,urgent plumber open now Dallas
Emergency plumber Dallas,best emergency plumber near me Dallas
Emergency plumber Dallas,nearest plumber open now Dallas
Emergency plumber Dallas,emergency leak plumber near me Dallas
Emergency plumber Dallas,emergency plumber open now Dallas
Emergency plumber Cincinnati,emergency plumber near me Cincinnati
Emergency plumber Cincinnati,plumber open now Cincinnati
Emergency plumber Cincinnati,24 hour emergency plumber near me Cincinnati
Emergency plumber Cincinnati,plumber open now near me Cincinnati
Emergency plumber Cincinnati,emergency plumbing service near me Cincinnati
Emergency plumber Cincinnati,plumber open now in Cincinnati
Emergency plumber Cincinnati,urgent plumber near me Cincinnati
Emergency plumber Cincinnati,is there a plumber open now Cincinnati
Emergency plumber Cincinnati,local emergency plumber near me Cincinnati
Emergency plumber Cincinnati,find plumber open now Cincinnati
Emergency plumber Cincinnati,emergency plumber nearby Cincinnati
Emergency plumber Cincinnati,plumbers open right now Cincinnati
Emergency plumber Cincinnati,emergency plumber in Cincinnati near me
Emergency plumber Cincinnati,24/7 plumber open now Cincinnati
Emergency plumber Cincinnati,same day emergency plumber near me Cincinnati
Emergency plumber Cincinnati,plumber available now near me Cincinnati
Emergency plumber Cincinnati,after hours emergency plumber near me Cincinnati
Emergency plumber Cincinnati,urgent plumber open now Cincinnati
Emergency plumber Cincinnati,best emergency plumber near me Cincinnati
Emergency plumber Cincinnati,nearest plumber open now Cincinnati
Emergency plumber Cincinnati,emergency leak plumber near me Cincinnati
Emergency plumber Cincinnati,emergency plumber open now Cincinnati
Emergency plumber Denver,emergency plumber near me Denver
Emergency plumber Denver,plumber open now Denver
Emergency plumber Denver,24 hour emergency plumber near me Denver
Emergency plumber Denver,plumber open now near me Denver
Emergency plumber Denver,emergency plumbing service near me Denver
Emergency plumber Denver,plumber open now in Denver
Emergency plumber Denver,urgent plumber near me Denver
Emergency plumber Denver,is there a plumber open now Denver
Emergency plumber Denver,local emergency plumber near me Denver
Emergency plumber Denver,find plumber open now Denver
Emergency plumber Denver,emergency plumber nearby Denver
Emergency plumber Denver,plumbers open right now Denver
Emergency plumber Denver,emergency plumber in Denver near me
Emergency plumber Denver,24/7 plumber open now Denver
Emergency plumber Denver,same day emergency plumber near me Denver
Emergency plumber Denver,plumber available now near me Denver
Emergency plumber Denver,after hours emergency plumber near me Denver
Emergency plumber Denver,urgent plumber open now Denver
Emergency plumber Denver,best emergency plumber near me Denver
Emergency plumber Denver,nearest plumber open now Denver
Emergency plumber Denver,emergency leak plumber near me Denver
Emergency plumber Denver,emergency plumber open now Denver
Emergency roof repair Cincinnati,emergency roof repair Cincinnati
Emergency roof repair Cincinnati,urgent roof repair in Cincinnati
Emergency roof repair Cincinnati,24 hour emergency roofers Cincinnati
Emergency roof repair Cincinnati,emergency roof leak repair Cincinnati
Emergency roof repair Cincinnati,same day roof repair Cincinnati
Emergency roof repair Cincinnati,emergency roofing services near Cincinnati
Emergency roof repair Cincinnati,who does emergency roof repairs in Cincinnati
Emergency roof repair Cincinnati,roof tarping emergency Cincinnati
Emergency roof repair Cincinnati,roof repair now Cincinnati
Emergency roof repair Cincinnati,after hours roof repair Cincinnati
Emergency roof repair Cincinnati,quick emergency roof repair Cincinnati
Emergency roof repair Tucson,emergency roof repair Tucson
Emergency roof repair Tucson,urgent roof repair in Tucson
Emergency roof repair Tucson,24 hour emergency roofers Tucson
Emergency roof repair Tucson,emergency roof leak repair Tucson
Emergency roof repair Tucson,same day roof repair Tucson
Emergency roof repair Tucson,emergency roofing services near Tucson
Emergency roof repair Tucson,who does emergency roof repairs in Tucson
Emergency roof repair Tucson,roof tarping emergency Tucson
Emergency roof repair Tucson,roof repair now Tucson
Emergency roof repair Tucson,after hours roof repair Tucson
Emergency roof repair Tucson,quick emergency roof repair Tucson
Emergency roof repair Albuquerque,emergency roof repair Albuquerque
Emergency roof repair Albuquerque,urgent roof repair in Albuquerque
Emergency roof repair Albuquerque,24 hour emergency roofers Albuquerque
Emergency roof repair Albuquerque,emergency roof leak repair Albuquerque
Emergency roof repair Albuquerque,same day roof repair Albuquerque
Emergency roof repair Albuquerque,emergency roofing services near Albuquerque
Emergency roof repair Albuquerque,who does emergency roof repairs in Albuquerque
Emergency roof repair Albuquerque,roof tarping emergency Albuquerque
Emergency roof repair Albuquerque,roof repair now Albuquerque
Emergency roof repair Albuquerque,after hours roof repair Albuquerque
Emergency roof repair Albuquerque,quick emergency roof repair Albuquerque
Emergency water damage Phoenix,emergency water damage restoration Phoenix
Emergency water damage Phoenix,water damage restoration emergency near Phoenix
Emergency water damage Phoenix,emergency water removal and restoration Phoenix
Emergency water damage Phoenix,24/7 water damage restoration in Phoenix
Emergency water damage Phoenix,urgent water damage repair and restoration Phoenix
Emergency water damage Phoenix,emergency flood damage restoration Phoenix
Emergency water damage Phoenix,emergency water damage cleanup Phoenix
Emergency water damage Phoenix,fast emergency water damage services Phoenix
Emergency water damage Phoenix,emergency water damage restoration company Phoenix
Emergency water damage Phoenix,who does emergency water damage restoration in Phoenix
Emergency water damage Phoenix,local emergency water damage restoration Phoenix
Emergency water damage San Francisco,emergency water damage restoration San Francisco
Emergency water damage San Francisco,water damage restoration emergency near San Francisco
Emergency water damage San Francisco,emergency water removal and restoration San Francisco
Emergency water damage San Francisco,24/7 water damage restoration in San Francisco
Emergency water damage San Francisco,urgent water damage repair and restoration San Francisco
Emergency water damage San Francisco,emergency flood damage restoration San Francisco
Emergency water damage San Francisco,emergency water damage cleanup San Francisco
Emergency water damage San Francisco,fast emergency water damage services San Francisco
Emergency water damage San Francisco,emergency water damage restoration company San Francisco
Emergency water damage San Francisco,who does emergency water damage restoration in San Francisco
Emergency water damage San Francisco,local emergency water damage restoration San Francisco
Emergency water damage Pittsburgh,emergency water damage restoration Pittsburgh
Emergency water damage Pittsburgh,water damage restoration emergency near Pittsburgh
Emergency water damage Pittsburgh,emergency water removal and restoration Pittsburgh
Emergency water damage Pittsburgh,24/7 water damage restoration in Pittsburgh
Emergency water damage Pittsburgh,urgent water damage repair and restoration Pittsburgh
Emergency water damage Pittsburgh,emergency flood damage restoration Pittsburgh
Emergency water damage Pittsburgh,emergency water damage cleanup Pittsburgh
Emergency water damage Pittsburgh,fast emergency water damage services Pittsburgh
Emergency water damage Pittsburgh,emergency water damage restoration company Pittsburgh
Emergency water damage Pittsburgh,who does emergency water damage restoration in Pittsburgh
Emergency water damage Pittsburgh,local emergency water damage restoration Pittsburgh
Ergonomic keyboard,best ergonomic keyboard
Ergonomic keyboard,what is the best ergonomic keyboard
Ergonomic keyboard,best ergonomic keyboards
Ergonomic keyboard,top ergonomic keyboard models
Ergonomic keyboard,most recommended ergonomic keyboard
Ergonomic keyboard,best split ergonomic keyboard
Ergonomic keyboard,best ergonomic keyboard for typing comfort
Ergonomic keyboard,best budget ergonomic keyboard
Ergonomic keyboard,best ergonomic keyboard for wrist pain
Ergonomic keyboard,which ergonomic keyboard should I buy
Ergonomic keyboard,best mechanical ergonomic keyboard
External hard drive,best external hard drive
External hard drive,what's the best external hard drive
External hard drive,best external hard drives
External hard drive,top-rated external hard drive
External hard drive,best external hard drive to buy
External hard drive,best portable external hard drive
External hard drive,best external hard drive deals
External hard drive,best external hard drive reviews
External hard drive,best external hard drive for laptops
External hard drive,best external hard drive for Mac and PC
External hard drive,best value external hard drive
Facebook account recover,how to recover Facebook account
Facebook account recover,how can I recover my Facebook account
Facebook account recover,how to get my Facebook account back
Facebook account recover,Facebook account recovery help
Facebook account recover,regain access to my Facebook account
Facebook account recover,steps to recover a Facebook account
Facebook account recover,recover Facebook account if I forgot password
Facebook account recover,how do I recover a hacked Facebook account
Facebook account recover,can't access Facebook account how to recover it
Facebook account recover,Facebook how to recover account without email
Facebook account recover,official way to recover Facebook account
Facebook password reset,how to reset Facebook password
Facebook password reset,forgot Facebook password can't access email
Facebook password reset,reset my Facebook password
Facebook password reset,forgot my Facebook password and can't access my email
Facebook password reset,how do I change my Facebook password
Facebook password reset,can't access email to reset Facebook password
Facebook password reset,Facebook password reset steps
Facebook password reset,how to reset Facebook password if I don't have access to my email
Facebook password reset,how can I reset my Facebook password
Facebook password reset,forgot Facebook password no access to email
Facebook password reset,how to recover Facebook account password
Facebook password reset,recover Facebook password without access to email
Facebook password reset,change password on Facebook account
Facebook password reset,can't reset Facebook password because I can't get into email
Facebook password reset,Facebook account password reset guide
Facebook password reset,forgot my FB password and lost access to email
Facebook password reset,ways to reset Facebook password
Facebook password reset,how to reset Facebook password without access to the email address
Facebook password reset,need to reset my Facebook password
Facebook password reset,forgot FB password and can't access my email account
Facebook password reset,reset Facebook password without logging in
Facebook password reset,how to regain Facebook access if I forgot password and can't use email
Family friendly restaurants Houston,family friendly restaurants near Houston
Family friendly restaurants Houston,family friendly restaurants in Houston
Family friendly restaurants Houston,best family friendly restaurants near Houston
Family friendly restaurants Houston,kid friendly restaurants near Houston
Family friendly restaurants Houston,family-friendly places to eat in Houston
Family friendly restaurants Houston,restaurants for families near Houston
Family friendly restaurants Houston,child friendly restaurants in Houston
Family friendly restaurants Houston,where to eat with kids near Houston
Family friendly restaurants Houston,family dinner spots near Houston
Family friendly restaurants Houston,top family friendly eateries in Houston
Family friendly restaurants Houston,family friendly lunch spots near Houston
Family friendly restaurants Raleigh,family friendly restaurants near Raleigh
Family friendly restaurants Raleigh,family friendly restaurants in Raleigh
Family friendly restaurants Raleigh,best family friendly restaurants near Raleigh
Family friendly restaurants Raleigh,kid friendly restaurants near Raleigh
Family friendly restaurants Raleigh,family-friendly places to eat in Raleigh
Family friendly restaurants Raleigh,restaurants for families near Raleigh
Family friendly restaurants Raleigh,child friendly restaurants in Raleigh
Family friendly restaurants Raleigh,where to eat with kids near Raleigh
Family friendly restaurants Raleigh,family dinner spots near Raleigh
Family friendly restaurants Raleigh,top family friendly eateries in Raleigh
Family friendly restaurants Raleigh,family friendly lunch spots near Raleigh
Family friendly restaurants Jacksonville,family friendly restaurants near Jacksonville
Family friendly restaurants Jacksonville,family friendly restaurants in Jacksonville
Family friendly restaurants Jacksonville,best family friendly restaurants near Jacksonville
Family friendly restaurants Jacksonville,kid friendly restaurants near Jacksonville
Family friendly restaurants Jacksonville,family-friendly places to eat in Jacksonville
Family friendly restaurants Jacksonville,restaurants for families near Jacksonville
Family friendly restaurants Jacksonville,child friendly restaurants in Jacksonville
Family friendly restaurants Jacksonville,where to eat with kids near Jacksonville
Family friendly restaurants Jacksonville,family dinner spots near Jacksonville
Family friendly restaurants Jacksonville,top family friendly eateries in Jacksonville
Family friendly restaurants Jacksonville,family friendly lunch spots near Jacksonville
Find a lawyer Albuquerque,how to find a good lawyer near me Albuquerque
Find a lawyer Albuquerque,how do I find a good lawyer near me in Albuquerque
Find a lawyer Albuquerque,best way to find a good lawyer near me in Albuquerque
Find a lawyer Albuquerque,where can I find a good lawyer near me in Albuquerque
Find a lawyer Albuquerque,good lawyers near me in Albuquerque
Find a lawyer Albuquerque,local lawyer recommendations near me in Albuquerque
Find a lawyer Albuquerque,how to locate a reputable attorney near me in Albuquerque
Find a lawyer Albuquerque,find experienced lawyers near me in Albuquerque
Find a lawyer Albuquerque,find an affordable good lawyer near me in Albuquerque
Find a lawyer Albuquerque,top-rated lawyers near me in Albuquerque
Find a lawyer Albuquerque,how to choose a good lawyer near me in Albuquerque
Find a lawyer Pittsburgh,how to find a good lawyer near me Pittsburgh
Find a lawyer Pittsburgh,how do I find a good lawyer near me in Pittsburgh
Find a lawyer Pittsburgh,best way to find a good lawyer near me in Pittsburgh
Find a lawyer Pittsburgh,where can I find a good lawyer near me in Pittsburgh
Find a lawyer Pittsburgh,good lawyers near me in Pittsburgh
Find a lawyer Pittsburgh,local lawyer recommendations near me in Pittsburgh
Find a lawyer Pittsburgh,how to locate a reputable attorney near me in Pittsburgh
Find a lawyer Pittsburgh,find experienced lawyers near me in Pittsburgh
Find a lawyer Pittsburgh,find an affordable good lawyer near me in Pittsburgh
Find a lawyer Pittsburgh,top-rated lawyers near me in Pittsburgh
Find a lawyer Pittsburgh,how to choose a good lawyer near me in Pittsburgh
Find a lawyer Baltimore,how to find a good lawyer near me Baltimore
Find a lawyer Baltimore,how do I find a good lawyer near me in Baltimore
Find a lawyer Baltimore,best way to find a good lawyer near me in Baltimore
Find a lawyer Baltimore,where can I find a good lawyer near me in Baltimore
Find a lawyer Baltimore,good lawyers near me in Baltimore
Find a lawyer Baltimore,local lawyer recommendations near me in Baltimore
Find a lawyer Baltimore,how to locate a reputable attorney near me in Baltimore
Find a lawyer Baltimore,find experienced lawyers near me in Baltimore
Find a lawyer Baltimore,find an affordable good lawyer near me in Baltimore
Find a lawyer Baltimore,top-rated lawyers near me in Baltimore
Find a lawyer Baltimore,how to choose a good lawyer near me in Baltimore
Flat tire Boston,flat tire roadside help Boston
Flat tire Boston,flat tire roadside assistance Boston
Flat tire Boston,help with flat tire on roadside Boston
Flat tire Boston,roadside flat tire help near Boston
Flat tire Boston,emergency flat tire service Boston
Flat tire Boston,mobile flat tire repair Boston
Flat tire Boston,I have a flat tire in Boston need help
Flat tire Boston,24/7 flat tire roadside help Boston
Flat tire Boston,flat tyre roadside help Boston
Flat tire Boston,roadside tire change service Boston
Flat tire Boston,urgent roadside assistance for flat tire Boston
Flat tire Milwaukee,flat tire roadside help Milwaukee
Flat tire Milwaukee,flat tire roadside assistance Milwaukee
Flat tire Milwaukee,help with flat tire on roadside Milwaukee
Flat tire Milwaukee,roadside flat tire help near Milwaukee
Flat tire Milwaukee,emergency flat tire service Milwaukee
Flat tire Milwaukee,mobile flat tire repair Milwaukee
Flat tire Milwaukee,I have a flat tire in Milwaukee need help
Flat tire Milwaukee,24/7 flat tire roadside help Milwaukee
Flat tire Milwaukee,flat tyre roadside help Milwaukee
Flat tire Milwaukee,roadside tire change service Milwaukee
Flat tire Milwaukee,urgent roadside assistance for flat tire Milwaukee
Flat tire San Francisco,flat tire roadside help San Francisco
Flat tire San Francisco,flat tire roadside assistance San Francisco
Flat tire San Francisco,help with flat tire on roadside San Francisco
Flat tire San Francisco,roadside flat tire help near San Francisco
Flat tire San Francisco,emergency flat tire service San Francisco
Flat tire San Francisco,mobile flat tire repair San Francisco
Flat tire San Francisco,I have a flat tire in San Francisco need help
Flat tire San Francisco,24/7 flat tire roadside help San Francisco
Flat tire San Francisco,flat tyre roadside help San Francisco
Flat tire San Francisco,roadside tire change service San Francisco
Flat tire San Francisco,urgent roadside assistance for flat tire San Francisco
Frontier Airlines,Frontier Airlines phone number
Frontier Airlines,Frontier Airlines customer service phone number
Frontier Airlines,Frontier Airlines contact number
Frontier Airlines,Frontier Airlines phone number for reservations
Frontier Airlines,How to call Frontier Airlines customer service
Frontier Airlines,Frontier Airlines support phone number
Frontier Airlines,Frontier Airlines phone
Frontier Airlines,Frontier Airlines reservations phone
Frontier Airlines,What is Frontier Airlines phone number
Frontier Airlines,Frontier Airlines phone number and hours
Frontier Airlines,Frontier Airlines phone number for baggage claim
Furnace not working emergency Dallas,furnace not working emergency Dallas
Furnace not working emergency Dallas,emergency furnace repair Dallas
Furnace not working emergency Dallas,furnace not working emergency help Dallas
Furnace not working emergency Dallas,furnace won't work emergency Dallas
Furnace not working emergency Dallas,my furnace stopped working emergency Dallas
Furnace not working emergency Dallas,no heat emergency furnace repair Dallas
Furnace not working emergency Dallas,24/7 emergency furnace service Dallas
Furnace not working emergency Dallas,urgent heating repair furnace not working Dallas
Furnace not working emergency Dallas,furnace breakdown emergency service Dallas
Furnace not working emergency Dallas,need emergency furnace repair Dallas
Furnace not working emergency Dallas,emergency HVAC furnace repair Dallas
Furnace not working emergency Milwaukee,furnace not working emergency Milwaukee
Furnace not working emergency Milwaukee,emergency furnace repair Milwaukee
Furnace not working emergency Milwaukee,furnace not working emergency help Milwaukee
Furnace not working emergency Milwaukee,furnace won't work emergency Milwaukee
Furnace not working emergency Milwaukee,my furnace stopped working emergency Milwaukee
Furnace not working emergency Milwaukee,no heat emergency furnace repair Milwaukee
Furnace not working emergency Milwaukee,24/7 emergency furnace service Milwaukee
Furnace not working emergency Milwaukee,urgent heating repair furnace not working Milwaukee
Furnace not working emergency Milwaukee,furnace breakdown emergency service Milwaukee
Furnace not working emergency Milwaukee,need emergency furnace repair Milwaukee
Furnace not working emergency Milwaukee,emergency HVAC furnace repair Milwaukee
Furnace not working emergency Charlotte,furnace not working emergency Charlotte
Furnace not working emergency Charlotte,emergency furnace repair Charlotte
Furnace not working emergency Charlotte,furnace not working emergency help Charlotte
Furnace not working emergency Charlotte,furnace won't work emergency Charlotte
Furnace not working emergency Charlotte,my furnace stopped working emergency Charlotte
Furnace not working emergency Charlotte,no heat emergency furnace repair Charlotte
Furnace not working emergency Charlotte,24/7 emergency furnace service Charlotte
Furnace not working emergency Charlotte,urgent heating repair furnace not working Charlotte
Furnace not working emergency Charlotte,furnace breakdown emergency service Charlotte
Furnace not working emergency Charlotte,need emergency furnace repair Charlotte
Furnace not working emergency Charlotte,emergency HVAC furnace repair Charlotte
Gaming monitor,best gaming monitor 2026
Gaming monitor,what is the best gaming monitor in 2026
Gaming monitor,best gaming monitor of 2026
Gaming monitor,best monitor for gaming 2026
Gaming monitor,2026 best gaming monitor
Gaming monitor,top gaming monitors 2026
Gaming monitor,best gaming monitor reviews 2026
Gaming monitor,which is the best gaming monitor 2026
Gaming monitor,best gaming monitors for 2026
Gaming monitor,best overall gaming monitor 2026
Gaming monitor,best gaming monitor 2026 comparison
Gmail password,how to reset Gmail password
Gmail password,how do I reset my Gmail password
Gmail password,reset Gmail password
Gmail password,forgot Gmail password how to reset
Gmail password,Gmail password reset steps
Gmail password,how to recover Gmail password
Gmail password,can't sign in to Gmail how to reset password
Gmail password,reset Google account password for Gmail
Gmail password,change Gmail password
Gmail password,how to reset my Google/Gmail password
Gmail password,steps to reset Gmail password
Google account recover,how to recover Google account
Google account recover,recover my Google account
Google account recover,how do I recover my Google account
Google account recover,Google account recovery steps
Google account recover,can't access my Google account how to recover
Google account recover,how to get back into my Google account
Google account recover,reset Google account and regain access
Google account recover,ways to recover a Google account
Google account recover,Google account recovery help
Google account recover,how to regain access to my Google account
Google account recover,trouble signing in how to recover Google account
Gym membership cancel Denver,how to cancel gym membership Denver
Gym membership cancel Denver,how do I cancel my gym membership in Denver
Gym membership cancel Denver,cancel gym membership in Denver
Gym membership cancel Denver,how to end a gym membership in Denver
Gym membership cancel Denver,steps to cancel a gym membership in Denver
Gym membership cancel Denver,how can I cancel a gym contract in Denver
Gym membership cancel Denver,what's the process to cancel my gym membership in Denver
Gym membership cancel Denver,how to terminate gym membership in Denver
Gym membership cancel Denver,how to stop paying for my gym membership in Denver
Gym membership cancel Denver,how to cancel my gym subscription in Denver
Gym membership cancel Denver,where to go to cancel a gym membership in Denver
Gym membership cancel Columbus,how to cancel gym membership Columbus
Gym membership cancel Columbus,how do I cancel my gym membership in Columbus
Gym membership cancel Columbus,cancel gym membership in Columbus
Gym membership cancel Columbus,how to end a gym membership in Columbus
Gym membership cancel Columbus,steps to cancel a gym membership in Columbus
Gym membership cancel Columbus,how can I cancel a gym contract in Columbus
Gym membership cancel Columbus,what's the process to cancel my gym membership in Columbus
Gym membership cancel Columbus,how to terminate gym membership in Columbus
Gym membership cancel Columbus,how to stop paying for my gym membership in Columbus
Gym membership cancel Columbus,how to cancel my gym subscription in Columbus
Gym membership cancel Columbus,where to go to cancel a gym membership in Columbus
Gym membership cancel Louisville,how to cancel gym membership Louisville
Gym membership cancel Louisville,how do I cancel my gym membership in Louisville
Gym membership cancel Louisville,cancel gym membership in Louisville
Gym membership cancel Louisville,how to end a gym membership in Louisville
Gym membership cancel Louisville,steps to cancel a gym membership in Louisville
Gym membership cancel Louisville,how can I cancel a gym contract in Louisville
Gym membership cancel Louisville,what's the process to cancel my gym membership in Louisville
Gym membership cancel Louisville,how to terminate gym membership in Louisville
Gym membership cancel Louisville,how to stop paying for my gym membership in Louisville
Gym membership cancel Louisville,how to cancel my gym subscription in Louisville
Gym membership cancel Louisville,where to go to cancel a gym membership in Louisville
Hair dryer thick hair,best hair dryer for thick hair
Hair dryer thick hair,best hair dryers for thick hair
Hair dryer thick hair,best blow dryer for thick hair
Hair dryer thick hair,"best hair dryer for thick, coarse hair"
Hair dryer thick hair,which hair dryer is best for thick hair
Hair dryer thick hair,best powerful hair dryer for thick hair
Hair dryer thick hair,fast drying hair dryer for thick hair
Hair dryer thick hair,best salon hair dryer for thick hair
Hair dryer thick hair,best affordable hair dryer for thick hair
Hair dryer thick hair,lightweight hair dryer for thick hair
Hair dryer thick hair,professional hair dryer for thick hair
High yield savings,best high yield savings account
High yield savings,best high-yield savings accounts
High yield savings,top high yield savings account options
High yield savings,which high yield savings account is best
High yield savings,highest interest high yield savings account
High yield savings,best online high yield savings account
High yield savings,compare high yield savings accounts
High yield savings,best APY high yield savings account
High yield savings,what are the best high yield savings accounts
High yield savings,best high yield savings account rates
High yield savings,best high yield savings account to park cash
Hinge for over 40,is Hinge good for people over 40
Hinge for over 40,is Hinge good for people in their 40s
Hinge for over 40,does Hinge work for people over 40
Hinge for over 40,is Hinge a good dating app for people over 40
Hinge for over 40,is Hinge suitable for singles over 40
Hinge for over 40,can people over 40 find matches on Hinge
Hinge for over 40,is Hinge popular with people over 40
Hinge for over 40,is Hinge right for 40 plus daters
Hinge for over 40,how good is Hinge for those over 40
Hinge for over 40,will Hinge work for someone over 40
Hinge for over 40,is Hinge good for dating when you're over 40
Home office computer monitor,best computer monitor for home office
Home office computer monitor,best monitor for a home office
Home office computer monitor,best computer monitor for working from home
Home office computer monitor,top monitors for home office setups
Home office computer monitor,which computer monitor is best for a home office
Home office computer monitor,best desktop monitor for home office use
Home office computer monitor,recommended monitors for a home office
Home office computer monitor,what is the best monitor for home office work
Home office computer monitor,best monitors for work from home
Home office computer monitor,best monitor to use in a home office
Home office computer monitor,ideal computer monitor for a home office setup
Home security camera,best home security camera system
Home security camera,what is the best home security camera system
Home security camera,best home security camera systems
Home security camera,top home security camera systems
Home security camera,best home surveillance camera systems
Home security camera,best security camera system for home
Home security camera,which home security camera system is best
Home security camera,best rated home security camera system
Home security camera,best home security camera system for homeowners
Home security camera,best overall home security camera system
Home security camera,best home security camera system reviews and ratings
Honest product review Ninja Air Fryer,honest review of Ninja Air Fryer
Honest product review Ninja Air Fryer,honest Ninja Air Fryer review
Honest product review Ninja Air Fryer,real user review of Ninja Air Fryer
Honest product review Ninja Air Fryer,unbiased review of Ninja Air Fryer
Honest product review Ninja Air Fryer,honest opinions on Ninja Air Fryer
Honest product review Ninja Air Fryer,is Ninja Air Fryer worth it honest review
Honest product review Ninja Air Fryer,should I buy Ninja Air Fryer honest review
Honest product review Ninja Air Fryer,first-hand review of Ninja Air Fryer
Honest product review Ninja Air Fryer,in-depth review and honest thoughts on Ninja Air Fryer
Honest product review Ninja Air Fryer,what do people think of Ninja Air Fryer honest review
Honest product review Ninja Air Fryer,personal experience and honest review of Ninja Air Fryer
Honest product review Nespresso Vertuo,honest review of Nespresso Vertuo
Honest product review Nespresso Vertuo,honest Nespresso Vertuo review
Honest product review Nespresso Vertuo,real user review of Nespresso Vertuo
Honest product review Nespresso Vertuo,unbiased review of Nespresso Vertuo
Honest product review Nespresso Vertuo,honest opinions on Nespresso Vertuo
Honest product review Nespresso Vertuo,is Nespresso Vertuo worth it honest review
Honest product review Nespresso Vertuo,should I buy Nespresso Vertuo honest review
Honest product review Nespresso Vertuo,first-hand review of Nespresso Vertuo
Honest product review Nespresso Vertuo,in-depth review and honest thoughts on Nespresso Vertuo
Honest product review Nespresso Vertuo,what do people think of Nespresso Vertuo honest review
Honest product review Nespresso Vertuo,personal experience and honest review of Nespresso Vertuo
Honest product review Sony WH-1000XM5,honest review of Sony WH-1000XM5
Honest product review Sony WH-1000XM5,honest Sony WH-1000XM5 review
Honest product review Sony WH-1000XM5,real user review of Sony WH-1000XM5
Honest product review Sony WH-1000XM5,unbiased review of Sony WH-1000XM5
Honest product review Sony WH-1000XM5,honest opinions on Sony WH-1000XM5
Honest product review Sony WH-1000XM5,is Sony WH-1000XM5 worth it honest review
Honest product review Sony WH-1000XM5,should I buy Sony WH-1000XM5 honest review
Honest product review Sony WH-1000XM5,first-hand review of Sony WH-1000XM5
Honest product review Sony WH-1000XM5,in-depth review and honest thoughts on Sony WH-1000XM5
Honest product review Sony WH-1000XM5,what do people think of Sony WH-1000XM5 honest review
Honest product review Sony WH-1000XM5,personal experience and honest review of Sony WH-1000XM5
Hulu cancel,how to cancel Hulu subscription
Hulu cancel,how do I cancel my Hulu subscription
Hulu cancel,cancel Hulu subscription
Hulu cancel,how to cancel my Hulu account
Hulu cancel,how can I cancel my Hulu subscription
Hulu cancel,steps to cancel a Hulu subscription
Hulu cancel,how to stop my Hulu subscription
Hulu cancel,how to cancel Hulu subscription online
Hulu cancel,how to cancel my Hulu subscription through the app
Hulu cancel,how do I end my Hulu subscription
Hulu cancel,can I cancel my Hulu subscription
IRS phone number,how to contact IRS phone number
IRS phone number,how to contact the IRS by phone
IRS phone number,what is the IRS phone number
IRS phone number,phone number for the IRS
IRS phone number,how do I call the IRS customer service
IRS phone number,where can I find the IRS phone number
IRS phone number,IRS phone number for questions
IRS phone number,how to reach the IRS by phone
IRS phone number,contact IRS phone number and hours
IRS phone number,best way to contact IRS by phone
IRS phone number,how to get the IRS phone number
Immigration lawyer Denver,immigration lawyer near me Denver
Immigration lawyer Denver,immigration attorney near me Denver
Immigration lawyer Denver,best immigration lawyer near me Denver
Immigration lawyer Denver,find immigration lawyer near me Denver
Immigration lawyer Denver,local immigration lawyer near me Denver
Immigration lawyer Denver,experienced immigration attorney near me Denver
Immigration lawyer Denver,affordable immigration lawyer near me Denver
Immigration lawyer Denver,immigration law firm near me Denver
Immigration lawyer Denver,top-rated immigration lawyer near me Denver
Immigration lawyer Denver,immigration legal help near me Denver
Immigration lawyer Denver,consult immigration lawyer near me Denver
Immigration lawyer Charlotte,immigration lawyer near me Charlotte
Immigration lawyer Charlotte,immigration attorney near me Charlotte
Immigration lawyer Charlotte,best immigration lawyer near me Charlotte
Immigration lawyer Charlotte,find immigration lawyer near me Charlotte
Immigration lawyer Charlotte,local immigration lawyer near me Charlotte
Immigration lawyer Charlotte,experienced immigration attorney near me Charlotte
Immigration lawyer Charlotte,affordable immigration lawyer near me Charlotte
Immigration lawyer Charlotte,immigration law firm near me Charlotte
Immigration lawyer Charlotte,top-rated immigration lawyer near me Charlotte
Immigration lawyer Charlotte,immigration legal help near me Charlotte
Immigration lawyer Charlotte,consult immigration lawyer near me Charlotte
Immigration lawyer Minneapolis,immigration lawyer near me Minneapolis
Immigration lawyer Minneapolis,immigration attorney near me Minneapolis
Immigration lawyer Minneapolis,best immigration lawyer near me Minneapolis
Immigration lawyer Minneapolis,find immigration lawyer near me Minneapolis
Immigration lawyer Minneapolis,local immigration lawyer near me Minneapolis
Immigration lawyer Minneapolis,experienced immigration attorney near me Minneapolis
Immigration lawyer Minneapolis,affordable immigration lawyer near me Minneapolis
Immigration lawyer Minneapolis,immigration law firm near me Minneapolis
Immigration lawyer Minneapolis,top-rated immigration lawyer near me Minneapolis
Immigration lawyer Minneapolis,immigration legal help near me Minneapolis
Immigration lawyer Minneapolis,consult immigration lawyer near me Minneapolis
Impounded car Fresno,car impounded how to get it released Fresno
Impounded car Fresno,looking for impounded car Fresno
Impounded car Fresno,how to get an impounded car released in Fresno
Impounded car Fresno,trying to locate an impounded car in Fresno
Impounded car Fresno,how do I retrieve my impounded car in Fresno
Impounded car Fresno,where is my impounded car in Fresno
Impounded car Fresno,steps to get a car out of impound in Fresno
Impounded car Fresno,searching for an impounded car location in Fresno
Impounded car Fresno,how can I release an impounded car in Fresno
Impounded car Fresno,how to find an impounded car in Fresno
Impounded car Fresno,what to do if my car is impounded in Fresno
Impounded car Fresno,locate impounded vehicle in Fresno
Impounded car Fresno,fees and process to get car released from impound in Fresno
Impounded car Fresno,I need help finding my impounded car in Fresno
Impounded car Fresno,how to reclaim an impounded vehicle in Fresno
Impounded car Fresno,where did my car get impounded in Fresno
Impounded car Fresno,how to get my car back from the impound lot in Fresno
Impounded car Fresno,find impound lot for my car in Fresno
Impounded car Fresno,getting a car out of impound in Fresno what to do
Impounded car Fresno,tracking down an impounded car in Fresno
Impounded car Fresno,procedure to release impounded car in Fresno
Impounded car Fresno,where is my impounded car located in Fresno
Impounded car Albuquerque,car impounded how to get it released Albuquerque
Impounded car Albuquerque,looking for impounded car Albuquerque
Impounded car Albuquerque,how to get an impounded car released in Albuquerque
Impounded car Albuquerque,trying to locate an impounded car in Albuquerque
Impounded car Albuquerque,how do I retrieve my impounded car in Albuquerque
Impounded car Albuquerque,where is my impounded car in Albuquerque
Impounded car Albuquerque,steps to get a car out of impound in Albuquerque
Impounded car Albuquerque,searching for an impounded car location in Albuquerque
Impounded car Albuquerque,how can I release an impounded car in Albuquerque
Impounded car Albuquerque,how to find an impounded car in Albuquerque
Impounded car Albuquerque,what to do if my car is impounded in Albuquerque
Impounded car Albuquerque,locate impounded vehicle in Albuquerque
Impounded car Albuquerque,fees and process to get car released from impound in Albuquerque
Impounded car Albuquerque,I need help finding my impounded car in Albuquerque
Impounded car Albuquerque,how to reclaim an impounded vehicle in Albuquerque
Impounded car Albuquerque,where did my car get impounded in Albuquerque
Impounded car Albuquerque,how to get my car back from the impound lot in Albuquerque
Impounded car Albuquerque,find impound lot for my car in Albuquerque
Impounded car Albuquerque,getting a car out of impound in Albuquerque what to do
Impounded car Albuquerque,tracking down an impounded car in Albuquerque
Impounded car Albuquerque,procedure to release impounded car in Albuquerque
Impounded car Albuquerque,where is my impounded car located in Albuquerque
Impounded car San Diego,car impounded how to get it released San Diego
Impounded car San Diego,looking for impounded car San Diego
Impounded car San Diego,how to get an impounded car released in San Diego
Impounded car San Diego,trying to locate an impounded car in San Diego
Impounded car San Diego,how do I retrieve my impounded car in San Diego
Impounded car San Diego,where is my impounded car in San Diego
Impounded car San Diego,steps to get a car out of impound in San Diego
Impounded car San Diego,searching for an impounded car location in San Diego
Impounded car San Diego,how can I release an impounded car in San Diego
Impounded car San Diego,how to find an impounded car in San Diego
Impounded car San Diego,what to do if my car is impounded in San Diego
Impounded car San Diego,locate impounded vehicle in San Diego
Impounded car San Diego,fees and process to get car released from impound in San Diego
Impounded car San Diego,I need help finding my impounded car in San Diego
Impounded car San Diego,how to reclaim an impounded vehicle in San Diego
Impounded car San Diego,where did my car get impounded in San Diego
Impounded car San Diego,how to get my car back from the impound lot in San Diego
Impounded car San Diego,find impound lot for my car in San Diego
Impounded car San Diego,getting a car out of impound in San Diego what to do
Impounded car San Diego,tracking down an impounded car in San Diego
Impounded car San Diego,procedure to release impounded car in San Diego
Impounded car San Diego,where is my impounded car located in San Diego
Indoor security camera,best indoor security camera
Indoor security camera,what is the best indoor security camera
Indoor security camera,best indoor security camera for home
Indoor security camera,top-rated indoor security cameras
Indoor security camera,which indoor security camera should I buy
Indoor security camera,best indoor camera for home security
Indoor security camera,best budget indoor security camera
Indoor security camera,best indoor Wi-Fi security camera
Indoor security camera,best indoor security cameras with night vision
Indoor security camera,recommended indoor security camera models
Indoor security camera,best compact indoor security camera
Instagram recover hacked,how to recover Instagram account hacked
Instagram recover hacked,how to recover a hacked Instagram account
Instagram recover hacked,how can I recover my hacked Instagram account
Instagram recover hacked,how to get back a hacked Instagram account
Instagram recover hacked,steps to recover Instagram account after it's hacked
Instagram recover hacked,what to do if my Instagram account is hacked
Instagram recover hacked,how to regain access to a hacked Instagram account
Instagram recover hacked,help recovering a hacked Instagram account
Instagram recover hacked,my Instagram was hacked how do I recover it
Instagram recover hacked,how to fix a hacked Instagram account and recover access
Instagram recover hacked,how do I recover an Instagram account that was hacked
Invest in stocks,what should I invest in right now
Invest in stocks,best stocks to buy right now
Invest in stocks,what to invest in right now
Invest in stocks,top stocks to buy right now
Invest in stocks,where should I invest my money right now
Invest in stocks,which stocks should I buy right now
Invest in stocks,what are good investments right now
Invest in stocks,best stock picks right now
Invest in stocks,what should I put my money into right now
Invest in stocks,best stocks to invest in now
Invest in stocks,what to invest in today
Invest in stocks,stocks to buy today
Invest in stocks,which investments are worth it right now
Invest in stocks,which stocks are worth buying now
Invest in stocks,what should I invest in at the moment
Invest in stocks,hot stocks to buy now
Invest in stocks,best places to invest money right now
Invest in stocks,top performing stocks to buy now
Invest in stocks,what investments to make right now
Invest in stocks,cheap stocks to buy right now
Invest in stocks,what can I invest in immediately
Invest in stocks,best long term stocks to buy right now
Jewish senior dating,Jewish dating sites for seniors over 60
Jewish senior dating,best Jewish dating sites for seniors over 60
Jewish senior dating,Jewish dating apps for people 60 and older
Jewish senior dating,online Jewish dating for seniors over 60
Jewish senior dating,Jewish dating sites for 60+ singles
Jewish senior dating,where to find Jewish dating sites for seniors over 60
Jewish senior dating,senior Jewish dating sites for mature adults over 60
Jewish senior dating,top Jewish dating sites for those over 60
Jewish senior dating,Jewish senior dating sites for people aged 60 and up
Jewish senior dating,dating websites for Jewish seniors over 60
Jewish senior dating,Jewish dating platforms for seniors 60 and over
Jump start service Fort Worth,jump start service near me Fort Worth
Jump start service Fort Worth,mobile jump start service near me Fort Worth
Jump start service Fort Worth,car jump start service near me Fort Worth
Jump start service Fort Worth,battery jump start service near me Fort Worth
Jump start service Fort Worth,emergency jump start service near me Fort Worth
Jump start service Fort Worth,local jump start service near me Fort Worth
Jump start service Fort Worth,24/7 jump start service near me Fort Worth
Jump start service Fort Worth,roadside jump start service near me Fort Worth
Jump start service Fort Worth,affordable jump start service near me Fort Worth
Jump start service Fort Worth,tow truck jump start service near me Fort Worth
Jump start service Fort Worth,quick jump start service near me Fort Worth
Jump start service Atlanta,jump start service near me Atlanta
Jump start service Atlanta,mobile jump start service near me Atlanta
Jump start service Atlanta,car jump start service near me Atlanta
Jump start service Atlanta,battery jump start service near me Atlanta
Jump start service Atlanta,emergency jump start service near me Atlanta
Jump start service Atlanta,local jump start service near me Atlanta
Jump start service Atlanta,24/7 jump start service near me Atlanta
Jump start service Atlanta,roadside jump start service near me Atlanta
Jump start service Atlanta,affordable jump start service near me Atlanta
Jump start service Atlanta,tow truck jump start service near me Atlanta
Jump start service Atlanta,quick jump start service near me Atlanta
Jump start service Denver,jump start service near me Denver
Jump start service Denver,mobile jump start service near me Denver
Jump start service Denver,car jump start service near me Denver
Jump start service Denver,battery jump start service near me Denver
Jump start service Denver,emergency jump start service near me Denver
Jump start service Denver,local jump start service near me Denver
Jump start service Denver,24/7 jump start service near me Denver
Jump start service Denver,roadside jump start service near me Denver
Jump start service Denver,affordable jump start service near me Denver
Jump start service Denver,tow truck jump start service near me Denver
Jump start service Denver,quick jump start service near me Denver
Locksmith Honolulu,locksmith near me locked out of house Honolulu
Locksmith Honolulu,locked out of house locksmith near me Honolulu
Locksmith Honolulu,emergency locksmith near me locked out of house Honolulu
Locksmith Honolulu,24 hour locksmith near me locked out of house Honolulu
Locksmith Honolulu,house lockout locksmith near me Honolulu
Locksmith Honolulu,local locksmith near me I'm locked out of my house Honolulu
Locksmith Honolulu,can't get into house locksmith near me Honolulu
Locksmith Honolulu,locked out of my house locksmith near me Honolulu
Locksmith Honolulu,help I'm locked out of my house locksmith near me Honolulu
Locksmith Honolulu,residential locksmith near me locked out of house Honolulu
Locksmith Honolulu,urgent locksmith near me locked out of house Honolulu
Locksmith Philadelphia,locksmith near me locked out of house Philadelphia
Locksmith Philadelphia,locked out of house locksmith near me Philadelphia
Locksmith Philadelphia,emergency locksmith near me locked out of house Philadelphia
Locksmith Philadelphia,24 hour locksmith near me locked out of house Philadelphia
Locksmith Philadelphia,house lockout locksmith near me Philadelphia
Locksmith Philadelphia,local locksmith near me I'm locked out of my house Philadelphia
Locksmith Philadelphia,can't get into house locksmith near me Philadelphia
Locksmith Philadelphia,locked out of my house locksmith near me Philadelphia
Locksmith Philadelphia,help I'm locked out of my house locksmith near me Philadelphia
Locksmith Philadelphia,residential locksmith near me locked out of house Philadelphia
Locksmith Philadelphia,urgent locksmith near me locked out of house Philadelphia
Locksmith Fresno,locksmith near me locked out of house Fresno
Locksmith Fresno,locked out of house locksmith near me Fresno
Locksmith Fresno,emergency locksmith near me locked out of house Fresno
Locksmith Fresno,24 hour locksmith near me locked out of house Fresno
Locksmith Fresno,house lockout locksmith near me Fresno
Locksmith Fresno,local locksmith near me I'm locked out of my house Fresno
Locksmith Fresno,can't get into house locksmith near me Fresno
Locksmith Fresno,locked out of my house locksmith near me Fresno
Locksmith Fresno,help I'm locked out of my house locksmith near me Fresno
Locksmith Fresno,residential locksmith near me locked out of house Fresno
Locksmith Fresno,urgent locksmith near me locked out of house Fresno
Locksmith car Jacksonville,locksmith near me locked out of car Jacksonville
Locksmith car Jacksonville,locked out of my car locksmith near me Jacksonville
Locksmith car Jacksonville,car lockout locksmith near me Jacksonville
Locksmith car Jacksonville,locked out of car help locksmith near me Jacksonville
Locksmith car Jacksonville,emergency locksmith for locked out car near me Jacksonville
Locksmith car Jacksonville,24 hour locksmith for locked out car near me Jacksonville
Locksmith car Jacksonville,car lockout near me locksmith Jacksonville
Locksmith car Jacksonville,need locksmith near me locked out of car Jacksonville
Locksmith car Jacksonville,keys locked in car locksmith near me Jacksonville
Locksmith car Jacksonville,auto locksmith near me locked out of car Jacksonville
Locksmith car Jacksonville,local locksmith for car lockout near me Jacksonville
Locksmith car Portland,locksmith near me locked out of car Portland
Locksmith car Portland,locked out of my car locksmith near me Portland
Locksmith car Portland,car lockout locksmith near me Portland
Locksmith car Portland,locked out of car help locksmith near me Portland
Locksmith car Portland,emergency locksmith for locked out car near me Portland
Locksmith car Portland,24 hour locksmith for locked out car near me Portland
Locksmith car Portland,car lockout near me locksmith Portland
Locksmith car Portland,need locksmith near me locked out of car Portland
Locksmith car Portland,keys locked in car locksmith near me Portland
Locksmith car Portland,auto locksmith near me locked out of car Portland
Locksmith car Portland,local locksmith for car lockout near me Portland
Locksmith car Cleveland,locksmith near me locked out of car Cleveland
Locksmith car Cleveland,locked out of my car locksmith near me Cleveland
Locksmith car Cleveland,car lockout locksmith near me Cleveland
Locksmith car Cleveland,locked out of car help locksmith near me Cleveland
Locksmith car Cleveland,emergency locksmith for locked out car near me Cleveland
Locksmith car Cleveland,24 hour locksmith for locked out car near me Cleveland
Locksmith car Cleveland,car lockout near me locksmith Cleveland
Locksmith car Cleveland,need locksmith near me locked out of car Cleveland
Locksmith car Cleveland,keys locked in car locksmith near me Cleveland
Locksmith car Cleveland,auto locksmith near me locked out of car Cleveland
Locksmith car Cleveland,local locksmith for car lockout near me Cleveland
Mattress back pain,best mattress for back pain
Mattress back pain,what is the best mattress for back pain
Mattress back pain,best mattress to relieve back pain
Mattress back pain,which mattress is best for back pain relief
Mattress back pain,top mattresses for back pain
Mattress back pain,best mattress if you have back pain
Mattress back pain,best mattress for chronic back pain
Mattress back pain,best mattress for lower back pain
Mattress back pain,best mattress firmness for back pain
Mattress back pain,mattress recommendations for back pain
Mattress back pain,best mattress to help with back pain
Mattress under 1000,best mattress under $1000
Mattress under 1000,best mattresses under $1000
Mattress under 1000,top-rated mattress under $1000
Mattress under 1000,best mattress for under $1000
Mattress under 1000,what is the best mattress under $1000
Mattress under 1000,best value mattress under $1000
Mattress under 1000,best affordable mattress under $1000
Mattress under 1000,best mattress brands under $1000
Mattress under 1000,best mattress deals under $1000
Mattress under 1000,top mattresses below $1000
Mattress under 1000,best mattress under one thousand dollars
Meal prep containers,best meal prep containers
Meal prep containers,best containers for meal prep
Meal prep containers,top-rated meal prep containers
Meal prep containers,best food prep containers for meal prepping
Meal prep containers,what are the best meal prep containers
Meal prep containers,best reusable meal prep containers
Meal prep containers,best glass meal prep containers
Meal prep containers,best plastic meal prep containers
Meal prep containers,best budget meal prep containers
Meal prep containers,best bento-style meal prep containers
Meal prep containers,meal prep container recommendations
Medical malpractice lawyer Austin,medical malpractice lawyer Austin
Medical malpractice lawyer Austin,medical malpractice attorney Austin
Medical malpractice lawyer Austin,medical negligence lawyer Austin
Medical malpractice lawyer Austin,best medical malpractice lawyer in Austin
Medical malpractice lawyer Austin,top rated medical malpractice attorney near Austin
Medical malpractice lawyer Austin,how to find a medical malpractice lawyer in Austin
Medical malpractice lawyer Austin,hire a medical malpractice attorney Austin
Medical malpractice lawyer Austin,medical malpractice law firm Austin
Medical malpractice lawyer Austin,experienced medical malpractice lawyer Austin
Medical malpractice lawyer Austin,medical error attorney Austin
Medical malpractice lawyer Austin,lawyer for medical malpractice claims in Austin
Medical malpractice lawyer San Antonio,medical malpractice lawyer San Antonio
Medical malpractice lawyer San Antonio,medical malpractice attorney San Antonio
Medical malpractice lawyer San Antonio,medical negligence lawyer San Antonio
Medical malpractice lawyer San Antonio,best medical malpractice lawyer in San Antonio
Medical malpractice lawyer San Antonio,top rated medical malpractice attorney near San Antonio
Medical malpractice lawyer San Antonio,how to find a medical malpractice lawyer in San Antonio
Medical malpractice lawyer San Antonio,hire a medical malpractice attorney San Antonio
Medical malpractice lawyer San Antonio,medical malpractice law firm San Antonio
Medical malpractice lawyer San Antonio,experienced medical malpractice lawyer San Antonio
Medical malpractice lawyer San Antonio,medical error attorney San Antonio
Medical malpractice lawyer San Antonio,lawyer for medical malpractice claims in San Antonio
Medical malpractice lawyer Atlanta,medical malpractice lawyer Atlanta
Medical malpractice lawyer Atlanta,medical malpractice attorney Atlanta
Medical malpractice lawyer Atlanta,medical negligence lawyer Atlanta
Medical malpractice lawyer Atlanta,best medical malpractice lawyer in Atlanta
Medical malpractice lawyer Atlanta,top rated medical malpractice attorney near Atlanta
Medical malpractice lawyer Atlanta,how to find a medical malpractice lawyer in Atlanta
Medical malpractice lawyer Atlanta,hire a medical malpractice attorney Atlanta
Medical malpractice lawyer Atlanta,medical malpractice law firm Atlanta
Medical malpractice lawyer Atlanta,experienced medical malpractice lawyer Atlanta
Medical malpractice lawyer Atlanta,medical error attorney Atlanta
Medical malpractice lawyer Atlanta,lawyer for medical malpractice claims in Atlanta
Meet people after divorce,how to meet people online after divorce
Meet people after divorce,best ways to meet people online after a divorce
Meet people after divorce,how do i meet people online after divorce
Meet people after divorce,online dating tips for meeting people after divorce
Meet people after divorce,where can i meet people online after getting divorced
Meet people after divorce,how to find new people to meet online after divorce
Meet people after divorce,how to start meeting people online following a divorce
Meet people after divorce,tips for meeting new people online post-divorce
Meet people after divorce,can you meet people online after divorce and how
Meet people after divorce,meeting people online after my divorce how do i begin
Meet people after divorce,ways to meet people online after a divorce
Meet people after spouse dies,how to meet people after spouse dies
Meet people after spouse dies,how can I meet people after my spouse dies
Meet people after spouse dies,ways to meet people after losing a spouse
Meet people after spouse dies,how to start meeting people after spouse dies
Meet people after spouse dies,where to meet people after spouse dies
Meet people after spouse dies,how do I make new friends after my spouse dies
Meet people after spouse dies,best places to meet people after losing a spouse
Meet people after spouse dies,how to socialize after my spouse dies
Meet people after spouse dies,how to find companionship after spouse dies
Meet people after spouse dies,advice for meeting people after spouse dies
Meet people after spouse dies,how to meet new people after a spouse dies
Mesh wifi,best mesh wifi system
Mesh wifi,top mesh WiFi systems
Mesh wifi,best mesh wifi routers and systems
Mesh wifi,best mesh wifi for home use
Mesh wifi,which mesh wifi system is best
Mesh wifi,best whole home mesh wifi system
Mesh wifi,best mesh wifi kits to buy
Mesh wifi,best-performing mesh wifi system
Mesh wifi,best mesh wifi network systems
Mesh wifi,best mesh router system
Mesh wifi,best mesh wifi system for large homes
Migraine relief,best migraine relief
Migraine relief,what is the best relief for migraine
Migraine relief,best remedies for migraine relief
Migraine relief,fastest relief for a migraine
Migraine relief,best over-the-counter migraine relief
Migraine relief,most effective treatments for migraine
Migraine relief,how to get quick migraine relief
Migraine relief,natural remedies for migraine relief
Migraine relief,immediate relief for migraine headache
Migraine relief,best medications for migraine relief
Migraine relief,top ways to relieve migraine pain
NAS drive,best NAS drive for home
NAS drive,best NAS drive for home
NAS drive,best NAS for home use
NAS drive,best NAS drives for home
NAS drive,what is the best NAS drive for home
NAS drive,top NAS drives for home use
NAS drive,best network attached storage for home
NAS drive,best NAS device for home
NAS drive,best home NAS drive
NAS drive,which NAS drive is best for home
NAS drive,best NAS for a home network
Natural remedies anxiety,natural remedies for anxiety
Natural remedies anxiety,foods to eat for anxiety
Natural remedies anxiety,home remedies for anxiety
Natural remedies anxiety,best foods to help with anxiety
Natural remedies anxiety,natural ways to reduce anxiety
Natural remedies anxiety,what to eat for anxiety relief
Natural remedies anxiety,herbal remedies for anxiety symptoms
Natural remedies anxiety,foods that help lower anxiety
Natural remedies anxiety,natural treatments for anxiety
Natural remedies anxiety,diet tips: foods to eat for anxiety
Natural remedies anxiety,how to treat anxiety naturally at home
Natural remedies anxiety,best anxiety-friendly foods to eat
Natural remedies anxiety,natural supplements and remedies for anxiety
Natural remedies anxiety,what foods ease anxiety and stress
Natural remedies anxiety,holistic remedies for anxiety
Natural remedies anxiety,healthy foods to reduce anxiety
Natural remedies anxiety,plant-based remedies for anxiety
Natural remedies anxiety,foods good for anxiety and stress
Natural remedies anxiety,at-home natural remedies for anxiety relief
Natural remedies anxiety,snacks and meals that help anxiety
Natural remedies anxiety,natural anxiety relief options
Natural remedies anxiety,what to eat when feeling anxious
Netflix cancel,how to cancel Netflix
Netflix cancel,how do I cancel Netflix
Netflix cancel,cancel Netflix subscription
Netflix cancel,how to end my Netflix membership
Netflix cancel,how to unsubscribe from Netflix
Netflix cancel,steps to cancel Netflix account
Netflix cancel,how to cancel Netflix on a computer
Netflix cancel,how to cancel Netflix on my phone
Netflix cancel,can I cancel my Netflix membership
Netflix cancel,how to stop Netflix billing
Netflix cancel,how to delete my Netflix account
Netflix password,how to reset Netflix password
Netflix password,how do I reset my Netflix password
Netflix password,reset my Netflix password
Netflix password,Netflix password reset instructions
Netflix password,how to change my Netflix password
Netflix password,how to recover a Netflix password
Netflix password,forgot Netflix password how do I reset it
Netflix password,can I reset my Netflix password online
Netflix password,reset Netflix account password
Netflix password,how to reset Netflix password on phone
Netflix password,how to reset Netflix password without email
Noise cancelling headphones,best noise cancelling headphones
Noise cancelling headphones,top noise cancelling headphones
Noise cancelling headphones,best noise-cancelling headphones
Noise cancelling headphones,best headphones for noise cancellation
Noise cancelling headphones,which noise cancelling headphones are best
Noise cancelling headphones,best noise cancelling headphones reviews
Noise cancelling headphones,highest rated noise cancelling headphones
Noise cancelling headphones,most effective noise cancelling headphones
Noise cancelling headphones,best over-ear noise cancelling headphones
Noise cancelling headphones,best wireless noise cancelling headphones
Noise cancelling headphones,best buys noise cancelling headphones
Non emergency police Minneapolis,non emergency police number Minneapolis
Non emergency police Minneapolis,police non emergency number Minneapolis
Non emergency police Minneapolis,non-emergency police phone number Minneapolis
Non emergency police Minneapolis,non emergency police contact Minneapolis
Non emergency police Minneapolis,non urgent police number Minneapolis
Non emergency police Minneapolis,local non emergency police number Minneapolis
Non emergency police Minneapolis,how to contact non emergency police in Minneapolis
Non emergency police Minneapolis,non emergency police line Minneapolis
Non emergency police Minneapolis,phone number for non emergency police Minneapolis
Non emergency police Minneapolis,non-emergency police telephone Minneapolis
Non emergency police Minneapolis,non emergency police dispatch number Minneapolis
Non emergency police Jacksonville,non emergency police number Jacksonville
Non emergency police Jacksonville,police non emergency number Jacksonville
Non emergency police Jacksonville,non-emergency police phone number Jacksonville
Non emergency police Jacksonville,non emergency police contact Jacksonville
Non emergency police Jacksonville,non urgent police number Jacksonville
Non emergency police Jacksonville,local non emergency police number Jacksonville
Non emergency police Jacksonville,how to contact non emergency police in Jacksonville
Non emergency police Jacksonville,non emergency police line Jacksonville
Non emergency police Jacksonville,phone number for non emergency police Jacksonville
Non emergency police Jacksonville,non-emergency police telephone Jacksonville
Non emergency police Jacksonville,non emergency police dispatch number Jacksonville
Non emergency police Baltimore,non emergency police number Baltimore
Non emergency police Baltimore,police non emergency number Baltimore
Non emergency police Baltimore,non-emergency police phone number Baltimore
Non emergency police Baltimore,non emergency police contact Baltimore
Non emergency police Baltimore,non urgent police number Baltimore
Non emergency police Baltimore,local non emergency police number Baltimore
Non emergency police Baltimore,how to contact non emergency police in Baltimore
Non emergency police Baltimore,non emergency police line Baltimore
Non emergency police Baltimore,phone number for non emergency police Baltimore
Non emergency police Baltimore,non-emergency police telephone Baltimore
Non emergency police Baltimore,non emergency police dispatch number Baltimore
Office chair back pain,best office chair for back pain
Office chair back pain,best ergonomic office chair for back pain
Office chair back pain,what is the best office chair for back pain
Office chair back pain,office chairs that help with back pain
Office chair back pain,best desk chair for lower back pain
Office chair back pain,best chair for back pain for office use
Office chair back pain,top office chairs for back pain relief
Office chair back pain,best office chair to relieve back pain
Office chair back pain,which office chair is best for back pain
Office chair back pain,most supportive office chair for back pain
Office chair back pain,office chair recommendations for back pain
PayPal password reset,how to reset PayPal password
PayPal password reset,how do I reset my PayPal password
PayPal password reset,reset PayPal password
PayPal password reset,forgot my PayPal password how to reset it
PayPal password reset,how to change my PayPal password
PayPal password reset,recover PayPal password
PayPal password reset,can't sign in to PayPal reset password
PayPal password reset,PayPal password reset instructions
PayPal password reset,how to create a new password for PayPal
PayPal password reset,steps to reset PayPal account password
PayPal password reset,where can I reset my PayPal password
PayPal support contact,how to contact PayPal support
PayPal support contact,how do i contact PayPal support
PayPal support contact,PayPal customer support phone number
PayPal support contact,contact PayPal support
PayPal support contact,how can i get in touch with PayPal support
PayPal support contact,PayPal support contact information
PayPal support contact,how to reach PayPal customer service
PayPal support contact,PayPal help center contact
PayPal support contact,where can i contact PayPal support
PayPal support contact,talk to a PayPal support agent
PayPal support contact,PayPal support email and phone number
Personal injury lawyer Portland,best personal injury lawyer Portland
Personal injury lawyer Portland,personal injury attorney near Portland free consultation
Personal injury lawyer Portland,top personal injury lawyer in Portland
Personal injury lawyer Portland,personal injury attorney near Portland free consultation
Personal injury lawyer Portland,best-rated personal injury lawyer Portland
Personal injury lawyer Portland,personal injury attorneys near Portland who offer free consultations
Personal injury lawyer Portland,who is the best personal injury lawyer in Portland
Personal injury lawyer Portland,find a personal injury attorney near Portland free consultation
Personal injury lawyer Portland,best local personal injury lawyer Portland
Personal injury lawyer Portland,personal injury attorney near Portland offering free consultation
Personal injury lawyer Portland,best personal injury attorney in Portland
Personal injury lawyer Portland,personal injury lawyer near Portland free consultation
Personal injury lawyer Portland,top-rated personal injury lawyer near Portland
Personal injury lawyer Portland,personal injury attorney close to Portland free consultation
Personal injury lawyer Portland,leading personal injury lawyer Portland
Personal injury lawyer Portland,best personal injury attorney near Portland free consultation
Personal injury lawyer Portland,expert personal injury lawyer in Portland
Personal injury lawyer Portland,experienced personal injury attorney near Portland free consultation
Personal injury lawyer Portland,find the best personal injury lawyer Portland
Personal injury lawyer Portland,personal injury attorney near Portland free initial consultation
Personal injury lawyer Portland,where to find the best personal injury lawyer in Portland
Personal injury lawyer Portland,local personal injury attorney near Portland free consultation
Personal injury lawyer San Antonio,best personal injury lawyer San Antonio
Personal injury lawyer San Antonio,personal injury attorney near San Antonio free consultation
Personal injury lawyer San Antonio,top personal injury lawyer in San Antonio
Personal injury lawyer San Antonio,personal injury attorney near San Antonio free consultation
Personal injury lawyer San Antonio,best-rated personal injury lawyer San Antonio
Personal injury lawyer San Antonio,personal injury attorneys near San Antonio who offer free consultations
Personal injury lawyer San Antonio,who is the best personal injury lawyer in San Antonio
Personal injury lawyer San Antonio,find a personal injury attorney near San Antonio free consultation
Personal injury lawyer San Antonio,best local personal injury lawyer San Antonio
Personal injury lawyer San Antonio,personal injury attorney near San Antonio offering free consultation
Personal injury lawyer San Antonio,best personal injury attorney in San Antonio
Personal injury lawyer San Antonio,personal injury lawyer near San Antonio free consultation
Personal injury lawyer San Antonio,top-rated personal injury lawyer near San Antonio
Personal injury lawyer San Antonio,personal injury attorney close to San Antonio free consultation
Personal injury lawyer San Antonio,leading personal injury lawyer San Antonio
Personal injury lawyer San Antonio,best personal injury attorney near San Antonio free consultation
Personal injury lawyer San Antonio,expert personal injury lawyer in San Antonio
Personal injury lawyer San Antonio,experienced personal injury attorney near San Antonio free consultation
Personal injury lawyer San Antonio,find the best personal injury lawyer San Antonio
Personal injury lawyer San Antonio,personal injury attorney near San Antonio free initial consultation
Personal injury lawyer San Antonio,where to find the best personal injury lawyer in San Antonio
Personal injury lawyer San Antonio,local personal injury attorney near San Antonio free consultation
Personal injury lawyer Sacramento,best personal injury lawyer Sacramento
Personal injury lawyer Sacramento,personal injury attorney near Sacramento free consultation
Personal injury lawyer Sacramento,top personal injury lawyer in Sacramento
Personal injury lawyer Sacramento,personal injury attorney near Sacramento free consultation
Personal injury lawyer Sacramento,best-rated personal injury lawyer Sacramento
Personal injury lawyer Sacramento,personal injury attorneys near Sacramento who offer free consultations
Personal injury lawyer Sacramento,who is the best personal injury lawyer in Sacramento
Personal injury lawyer Sacramento,find a personal injury attorney near Sacramento free consultation
Personal injury lawyer Sacramento,best local personal injury lawyer Sacramento
Personal injury lawyer Sacramento,personal injury attorney near Sacramento offering free consultation
Personal injury lawyer Sacramento,best personal injury attorney in Sacramento
Personal injury lawyer Sacramento,personal injury lawyer near Sacramento free consultation
Personal injury lawyer Sacramento,top-rated personal injury lawyer near Sacramento
Personal injury lawyer Sacramento,personal injury attorney close to Sacramento free consultation
Personal injury lawyer Sacramento,leading personal injury lawyer Sacramento
Personal injury lawyer Sacramento,best personal injury attorney near Sacramento free consultation
Personal injury lawyer Sacramento,expert personal injury lawyer in Sacramento
Personal injury lawyer Sacramento,experienced personal injury attorney near Sacramento free consultation
Personal injury lawyer Sacramento,find the best personal injury lawyer Sacramento
Personal injury lawyer Sacramento,personal injury attorney near Sacramento free initial consultation
Personal injury lawyer Sacramento,where to find the best personal injury lawyer in Sacramento
Personal injury lawyer Sacramento,local personal injury attorney near Sacramento free consultation
Pillow side sleepers,best pillow for side sleepers
Pillow side sleepers,what is the best pillow for side sleepers
Pillow side sleepers,best pillows for side sleepers
Pillow side sleepers,top-rated pillows for people who sleep on their side
Pillow side sleepers,which pillow is best for side sleepers
Pillow side sleepers,most comfortable pillow for side sleepers
Pillow side sleepers,best supportive pillow for side sleepers
Pillow side sleepers,best pillow for sleeping on your side
Pillow side sleepers,recommended pillows for side sleepers
Pillow side sleepers,what pillow is best if I sleep on my side
Pillow side sleepers,ideal pillow for side sleepers
Planet Fitness cancel,Planet Fitness cancel membership
Planet Fitness cancel,how to cancel Planet Fitness membership
Planet Fitness cancel,cancel Planet Fitness membership online
Planet Fitness cancel,Planet Fitness membership cancellation process
Planet Fitness cancel,how do I cancel my Planet Fitness membership
Planet Fitness cancel,cancel my Planet Fitness membership now
Planet Fitness cancel,steps to cancel Planet Fitness membership
Planet Fitness cancel,Planet Fitness cancel membership by phone
Planet Fitness cancel,does Planet Fitness allow membership cancellation
Planet Fitness cancel,how to end Planet Fitness membership
Planet Fitness cancel,Planet Fitness membership cancellation policy
Poison control Missouri,poison control center number Missouri
Poison control Missouri,poison control number in Missouri
Poison control Missouri,phone number for poison control center Missouri
Poison control Missouri,how to reach poison control in Missouri
Poison control Missouri,poison control center contact number Missouri
Poison control Missouri,local poison control hotline number Missouri
Poison control Missouri,what is the poison control center number for Missouri
Poison control Missouri,poison emergency helpline number Missouri
Poison control Missouri,poison control center phone Missouri
Poison control Missouri,poison helpline number Missouri
Poison control Missouri,contact number for poison control in Missouri
Poison control California,poison control center number California
Poison control California,poison control number in California
Poison control California,phone number for poison control center California
Poison control California,how to reach poison control in California
Poison control California,poison control center contact number California
Poison control California,local poison control hotline number California
Poison control California,what is the poison control center number for California
Poison control California,poison emergency helpline number California
Poison control California,poison control center phone California
Poison control California,poison helpline number California
Poison control California,contact number for poison control in California
Poison control Washington,poison control center number Washington
Poison control Washington,poison control number in Washington
Poison control Washington,phone number for poison control center Washington
Poison control Washington,how to reach poison control in Washington
Poison control Washington,poison control center contact number Washington
Poison control Washington,local poison control hotline number Washington
Poison control Washington,what is the poison control center number for Washington
Poison control Washington,poison emergency helpline number Washington
Poison control Washington,poison control center phone Washington
Poison control Washington,poison helpline number Washington
Poison control Washington,contact number for poison control in Washington
Power outage electrician Philadelphia,power outage electrician Philadelphia
Power outage electrician Philadelphia,electrician for power outage Philadelphia
Power outage electrician Philadelphia,emergency electrician for power outage in Philadelphia
Power outage electrician Philadelphia,power outage repair electrician near Philadelphia
Power outage electrician Philadelphia,who to call for a power outage electrician in Philadelphia
Power outage electrician Philadelphia,local electrician for power outage Philadelphia
Power outage electrician Philadelphia,24-hour electrician for power outage Philadelphia
Power outage electrician Philadelphia,licensed electrician after power outage Philadelphia
Power outage electrician Philadelphia,electrician to fix power outage in Philadelphia
Power outage electrician Philadelphia,find electrician for power outage Philadelphia
Power outage electrician Philadelphia,best electrician for power outage Philadelphia
Power outage electrician Sacramento,power outage electrician Sacramento
Power outage electrician Sacramento,electrician for power outage Sacramento
Power outage electrician Sacramento,emergency electrician for power outage in Sacramento
Power outage electrician Sacramento,power outage repair electrician near Sacramento
Power outage electrician Sacramento,who to call for a power outage electrician in Sacramento
Power outage electrician Sacramento,local electrician for power outage Sacramento
Power outage electrician Sacramento,24-hour electrician for power outage Sacramento
Power outage electrician Sacramento,licensed electrician after power outage Sacramento
Power outage electrician Sacramento,electrician to fix power outage in Sacramento
Power outage electrician Sacramento,find electrician for power outage Sacramento
Power outage electrician Sacramento,best electrician for power outage Sacramento
Power outage electrician Houston,power outage electrician Houston
Power outage electrician Houston,electrician for power outage Houston
Power outage electrician Houston,emergency electrician for power outage in Houston
Power outage electrician Houston,power outage repair electrician near Houston
Power outage electrician Houston,who to call for a power outage electrician in Houston
Power outage electrician Houston,local electrician for power outage Houston
Power outage electrician Houston,24-hour electrician for power outage Houston
Power outage electrician Houston,licensed electrician after power outage Houston
Power outage electrician Houston,electrician to fix power outage in Houston
Power outage electrician Houston,find electrician for power outage Houston
Power outage electrician Houston,best electrician for power outage Houston
Pre workout supplement,best pre workout supplement
Pre workout supplement,best pre-workout supplement
Pre workout supplement,top pre workout supplements
Pre workout supplement,most effective pre workout supplement
Pre workout supplement,which pre workout supplement is best
Pre workout supplement,best pre workout powder for energy
Pre workout supplement,best stimulant pre workout supplement
Pre workout supplement,best pre workout for strength and focus
Pre workout supplement,best-rated pre workout supplements
Pre workout supplement,best pre workout supplements for beginners
Pre workout supplement,best pre workout supplement 2026
Product comparison Roomba i3 · Dyson V15,Roomba i3 vs Dyson V15 which is better
Product comparison Roomba i3 · Dyson V15,"Which is better, Roomba i3 or Dyson V15?"
Product comparison Roomba i3 · Dyson V15,Is Roomba i3 better than Dyson V15?
Product comparison Roomba i3 · Dyson V15,Should I pick Roomba i3 or Dyson V15?
Product comparison Roomba i3 · Dyson V15,Compare Roomba i3 vs Dyson V15
Product comparison Roomba i3 · Dyson V15,Roomba i3 vs Dyson V15 pros and cons
Product comparison Roomba i3 · Dyson V15,Roomba i3 vs Dyson V15 which to choose?
Product comparison Roomba i3 · Dyson V15,"Difference between Roomba i3 and Dyson V15, which is best?"
Product comparison Roomba i3 · Dyson V15,Which performs better: Roomba i3 or Dyson V15?
Product comparison Roomba i3 · Dyson V15,Buying advice: Roomba i3 vs Dyson V15
Product comparison Roomba i3 · Dyson V15,"Which one is worth it, Roomba i3 or Dyson V15?"
Product comparison Roomba i3 · Samsung Galaxy Watch,Roomba i3 vs Samsung Galaxy Watch which is better
Product comparison Roomba i3 · Samsung Galaxy Watch,"Which is better, Roomba i3 or Samsung Galaxy Watch?"
Product comparison Roomba i3 · Samsung Galaxy Watch,Is Roomba i3 better than Samsung Galaxy Watch?
Product comparison Roomba i3 · Samsung Galaxy Watch,Should I pick Roomba i3 or Samsung Galaxy Watch?
Product comparison Roomba i3 · Samsung Galaxy Watch,Compare Roomba i3 vs Samsung Galaxy Watch
Product comparison Roomba i3 · Samsung Galaxy Watch,Roomba i3 vs Samsung Galaxy Watch pros and cons
Product comparison Roomba i3 · Samsung Galaxy Watch,Roomba i3 vs Samsung Galaxy Watch which to choose?
Product comparison Roomba i3 · Samsung Galaxy Watch,"Difference between Roomba i3 and Samsung Galaxy Watch, which is best?"
Product comparison Roomba i3 · Samsung Galaxy Watch,Which performs better: Roomba i3 or Samsung Galaxy Watch?
Product comparison Roomba i3 · Samsung Galaxy Watch,Buying advice: Roomba i3 vs Samsung Galaxy Watch
Product comparison Roomba i3 · Samsung Galaxy Watch,"Which one is worth it, Roomba i3 or Samsung Galaxy Watch?"
Product comparison iPad Air · iPad Air,iPad Air vs iPad Air which is better
Product comparison iPad Air · iPad Air,"Which is better, iPad Air or iPad Air?"
Product comparison iPad Air · iPad Air,Is iPad Air better than iPad Air?
Product comparison iPad Air · iPad Air,Should I pick iPad Air or iPad Air?
Product comparison iPad Air · iPad Air,Compare iPad Air vs iPad Air
Product comparison iPad Air · iPad Air,iPad Air vs iPad Air pros and cons
Product comparison iPad Air · iPad Air,iPad Air vs iPad Air which to choose?
Product comparison iPad Air · iPad Air,"Difference between iPad Air and iPad Air, which is best?"
Product comparison iPad Air · iPad Air,Which performs better: iPad Air or iPad Air?
Product comparison iPad Air · iPad Air,Buying advice: iPad Air vs iPad Air
Product comparison iPad Air · iPad Air,"Which one is worth it, iPad Air or iPad Air?"
Product worth it Kindle Paperwhite,is Kindle Paperwhite worth it
Product worth it Kindle Paperwhite,is Kindle Paperwhite worth buying
Product worth it Kindle Paperwhite,should I buy Kindle Paperwhite
Product worth it Kindle Paperwhite,is buying Kindle Paperwhite worth it
Product worth it Kindle Paperwhite,is Kindle Paperwhite worth the price
Product worth it Kindle Paperwhite,is Kindle Paperwhite worth the money
Product worth it Kindle Paperwhite,should I get Kindle Paperwhite
Product worth it Kindle Paperwhite,is Kindle Paperwhite worth the cost
Product worth it Kindle Paperwhite,is Kindle Paperwhite a good purchase
Product worth it Kindle Paperwhite,is Kindle Paperwhite worth it compared to alternatives
Product worth it Kindle Paperwhite,does Kindle Paperwhite live up to the hype
Product worth it Dyson V15,is Dyson V15 worth it
Product worth it Dyson V15,is Dyson V15 worth buying
Product worth it Dyson V15,should I buy Dyson V15
Product worth it Dyson V15,is buying Dyson V15 worth it
Product worth it Dyson V15,is Dyson V15 worth the price
Product worth it Dyson V15,is Dyson V15 worth the money
Product worth it Dyson V15,should I get Dyson V15
Product worth it Dyson V15,is Dyson V15 worth the cost
Product worth it Dyson V15,is Dyson V15 a good purchase
Product worth it Dyson V15,is Dyson V15 worth it compared to alternatives
Product worth it Dyson V15,does Dyson V15 live up to the hype
Product worth it AirPods Pro,is AirPods Pro worth it
Product worth it AirPods Pro,is AirPods Pro worth buying
Product worth it AirPods Pro,should I buy AirPods Pro
Product worth it AirPods Pro,is buying AirPods Pro worth it
Product worth it AirPods Pro,is AirPods Pro worth the price
Product worth it AirPods Pro,is AirPods Pro worth the money
Product worth it AirPods Pro,should I get AirPods Pro
Product worth it AirPods Pro,is AirPods Pro worth the cost
Product worth it AirPods Pro,is AirPods Pro a good purchase
Product worth it AirPods Pro,is AirPods Pro worth it compared to alternatives
Product worth it AirPods Pro,does AirPods Pro live up to the hype
Protein powder brand,best protein powder brand
Protein powder brand,what is the best protein powder brand
Protein powder brand,which protein powder brand is the best
Protein powder brand,best brand of protein powder
Protein powder brand,top protein powder brand
Protein powder brand,top-rated protein powder brand
Protein powder brand,most popular protein powder brand
Protein powder brand,best protein powder brands
Protein powder brand,best-reviewed protein powder brand
Protein powder brand,best protein powder brand to buy
Protein powder brand,best-selling protein powder brand
Real estate closing attorney Philadelphia,real estate closing attorney near Philadelphia
Real estate closing attorney Philadelphia,real estate closing lawyer near Philadelphia
Real estate closing attorney Philadelphia,closing attorney for real estate near Philadelphia
Real estate closing attorney Philadelphia,real estate closing attorney in the Philadelphia area
Real estate closing attorney Philadelphia,real estate closing attorney close to Philadelphia
Real estate closing attorney Philadelphia,real estate closing attorney nearby Philadelphia
Real estate closing attorney Philadelphia,find a real estate closing attorney near Philadelphia
Real estate closing attorney Philadelphia,local real estate closing attorney near Philadelphia
Real estate closing attorney Philadelphia,best real estate closing attorney near Philadelphia
Real estate closing attorney Philadelphia,real estate closing attorney for home sale near Philadelphia
Real estate closing attorney Philadelphia,experienced real estate closing attorney near Philadelphia
Real estate closing attorney Kansas City,real estate closing attorney near Kansas City
Real estate closing attorney Kansas City,real estate closing lawyer near Kansas City
Real estate closing attorney Kansas City,closing attorney for real estate near Kansas City
Real estate closing attorney Kansas City,real estate closing attorney in the Kansas City area
Real estate closing attorney Kansas City,real estate closing attorney close to Kansas City
Real estate closing attorney Kansas City,real estate closing attorney nearby Kansas City
Real estate closing attorney Kansas City,find a real estate closing attorney near Kansas City
Real estate closing attorney Kansas City,local real estate closing attorney near Kansas City
Real estate closing attorney Kansas City,best real estate closing attorney near Kansas City
Real estate closing attorney Kansas City,real estate closing attorney for home sale near Kansas City
Real estate closing attorney Kansas City,experienced real estate closing attorney near Kansas City
Real estate closing attorney Pittsburgh,real estate closing attorney near Pittsburgh
Real estate closing attorney Pittsburgh,real estate closing lawyer near Pittsburgh
Real estate closing attorney Pittsburgh,closing attorney for real estate near Pittsburgh
Real estate closing attorney Pittsburgh,real estate closing attorney in the Pittsburgh area
Real estate closing attorney Pittsburgh,real estate closing attorney close to Pittsburgh
Real estate closing attorney Pittsburgh,real estate closing attorney nearby Pittsburgh
Real estate closing attorney Pittsburgh,find a real estate closing attorney near Pittsburgh
Real estate closing attorney Pittsburgh,local real estate closing attorney near Pittsburgh
Real estate closing attorney Pittsburgh,best real estate closing attorney near Pittsburgh
Real estate closing attorney Pittsburgh,real estate closing attorney for home sale near Pittsburgh
Real estate closing attorney Pittsburgh,experienced real estate closing attorney near Pittsburgh
Real estate lawyer San Diego,best real estate lawyer San Diego
Real estate lawyer San Diego,real estate attorney for home purchase San Diego
Real estate lawyer San Diego,top real estate lawyer in San Diego
Real estate lawyer San Diego,real estate attorney to help buy a home in San Diego
Real estate lawyer San Diego,best property lawyer near San Diego
Real estate lawyer San Diego,attorney for buying a home in San Diego
Real estate lawyer San Diego,experienced real estate attorney San Diego
Real estate lawyer San Diego,real estate lawyer for buying a house in San Diego
Real estate lawyer San Diego,find a real estate lawyer in San Diego
Real estate lawyer San Diego,real estate attorney for home closing in San Diego
Real estate lawyer San Diego,best real estate lawyers close to San Diego
Real estate lawyer San Diego,attorney to handle a home purchase in San Diego
Real estate lawyer San Diego,affordable real estate lawyer in San Diego
Real estate lawyer San Diego,real estate lawyer for home purchase in San Diego
Real estate lawyer San Diego,top-rated real estate attorney in San Diego
Real estate lawyer San Diego,lawyer for buying a home in San Diego
Real estate lawyer San Diego,real estate closing attorney in San Diego
Real estate lawyer San Diego,real estate attorney to handle a home purchase in San Diego
Real estate lawyer San Diego,property closing lawyer in San Diego
Real estate lawyer San Diego,home purchase attorney near San Diego
Real estate lawyer San Diego,law firm specializing in real estate in San Diego
Real estate lawyer San Diego,lawyer for real estate purchase in San Diego
Real estate lawyer Cleveland,best real estate lawyer Cleveland
Real estate lawyer Cleveland,real estate attorney for home purchase Cleveland
Real estate lawyer Cleveland,top real estate lawyer in Cleveland
Real estate lawyer Cleveland,real estate attorney to help buy a home in Cleveland
Real estate lawyer Cleveland,best property lawyer near Cleveland
Real estate lawyer Cleveland,attorney for buying a home in Cleveland
Real estate lawyer Cleveland,experienced real estate attorney Cleveland
Real estate lawyer Cleveland,real estate lawyer for buying a house in Cleveland
Real estate lawyer Cleveland,find a real estate lawyer in Cleveland
Real estate lawyer Cleveland,real estate attorney for home closing in Cleveland
Real estate lawyer Cleveland,best real estate lawyers close to Cleveland
Real estate lawyer Cleveland,attorney to handle a home purchase in Cleveland
Real estate lawyer Cleveland,affordable real estate lawyer in Cleveland
Real estate lawyer Cleveland,real estate lawyer for home purchase in Cleveland
Real estate lawyer Cleveland,top-rated real estate attorney in Cleveland
Real estate lawyer Cleveland,lawyer for buying a home in Cleveland
Real estate lawyer Cleveland,real estate closing attorney in Cleveland
Real estate lawyer Cleveland,real estate attorney to handle a home purchase in Cleveland
Real estate lawyer Cleveland,property closing lawyer in Cleveland
Real estate lawyer Cleveland,home purchase attorney near Cleveland
Real estate lawyer Cleveland,law firm specializing in real estate in Cleveland
Real estate lawyer Cleveland,lawyer for real estate purchase in Cleveland
Real estate lawyer Atlanta,best real estate lawyer Atlanta
Real estate lawyer Atlanta,real estate attorney for home purchase Atlanta
Real estate lawyer Atlanta,top real estate lawyer in Atlanta
Real estate lawyer Atlanta,real estate attorney to help buy a home in Atlanta
Real estate lawyer Atlanta,best property lawyer near Atlanta
Real estate lawyer Atlanta,attorney for buying a home in Atlanta
Real estate lawyer Atlanta,experienced real estate attorney Atlanta
Real estate lawyer Atlanta,real estate lawyer for buying a house in Atlanta
Real estate lawyer Atlanta,find a real estate lawyer in Atlanta
Real estate lawyer Atlanta,real estate attorney for home closing in Atlanta
Real estate lawyer Atlanta,best real estate lawyers close to Atlanta
Real estate lawyer Atlanta,attorney to handle a home purchase in Atlanta
Real estate lawyer Atlanta,affordable real estate lawyer in Atlanta
Real estate lawyer Atlanta,real estate lawyer for home purchase in Atlanta
Real estate lawyer Atlanta,top-rated real estate attorney in Atlanta
Real estate lawyer Atlanta,lawyer for buying a home in Atlanta
Real estate lawyer Atlanta,real estate closing attorney in Atlanta
Real estate lawyer Atlanta,real estate attorney to handle a home purchase in Atlanta
Real estate lawyer Atlanta,property closing lawyer in Atlanta
Real estate lawyer Atlanta,home purchase attorney near Atlanta
Real estate lawyer Atlanta,law firm specializing in real estate in Atlanta
Real estate lawyer Atlanta,lawyer for real estate purchase in Atlanta
Refinance mortgage,how to refinance mortgage
Refinance mortgage,how do I refinance my mortgage
Refinance mortgage,how to refinance a mortgage step by step
Refinance mortgage,how does refinancing a mortgage work
Refinance mortgage,how to refinance my home mortgage
Refinance mortgage,what are the steps to refinance a mortgage
Refinance mortgage,how do you refinance a mortgage
Refinance mortgage,process for refinancing a mortgage
Refinance mortgage,how to refinance a mortgage loan
Refinance mortgage,how can I refinance my mortgage
Refinance mortgage,guide to refinancing a mortgage
Restaurants open now Atlanta,restaurants open now near me Atlanta
Restaurants open now Atlanta,restaurants open now near me Atlanta
Restaurants open now Atlanta,restaurants near me that are open now Atlanta
Restaurants open now Atlanta,places to eat open now near me Atlanta
Restaurants open now Atlanta,what restaurants are open near me right now Atlanta
Restaurants open now Atlanta,open restaurants near me right now Atlanta
Restaurants open now Atlanta,where to eat that are open now near me Atlanta
Restaurants open now Atlanta,local restaurants open now near me Atlanta
Restaurants open now Atlanta,nearby restaurants open now Atlanta
Restaurants open now Atlanta,which restaurants are open now near me Atlanta
Restaurants open now Atlanta,restaurants currently open near me Atlanta
Restaurants open now Detroit,restaurants open now near me Detroit
Restaurants open now Detroit,restaurants open now near me Detroit
Restaurants open now Detroit,restaurants near me that are open now Detroit
Restaurants open now Detroit,places to eat open now near me Detroit
Restaurants open now Detroit,what restaurants are open near me right now Detroit
Restaurants open now Detroit,open restaurants near me right now Detroit
Restaurants open now Detroit,where to eat that are open now near me Detroit
Restaurants open now Detroit,local restaurants open now near me Detroit
Restaurants open now Detroit,nearby restaurants open now Detroit
Restaurants open now Detroit,which restaurants are open now near me Detroit
Restaurants open now Detroit,restaurants currently open near me Detroit
Restaurants open now Indianapolis,restaurants open now near me Indianapolis
Restaurants open now Indianapolis,restaurants open now near me Indianapolis
Restaurants open now Indianapolis,restaurants near me that are open now Indianapolis
Restaurants open now Indianapolis,places to eat open now near me Indianapolis
Restaurants open now Indianapolis,what restaurants are open near me right now Indianapolis
Restaurants open now Indianapolis,open restaurants near me right now Indianapolis
Restaurants open now Indianapolis,where to eat that are open now near me Indianapolis
Restaurants open now Indianapolis,local restaurants open now near me Indianapolis
Restaurants open now Indianapolis,nearby restaurants open now Indianapolis
Restaurants open now Indianapolis,which restaurants are open now near me Indianapolis
Restaurants open now Indianapolis,restaurants currently open near me Indianapolis
Roadside assistance Phoenix,roadside assistance near me Phoenix
Roadside assistance Phoenix,roadside assistance near me in Phoenix
Roadside assistance Phoenix,roadside assistance in Phoenix near me
Roadside assistance Phoenix,24/7 roadside assistance near me Phoenix
Roadside assistance Phoenix,emergency roadside assistance near me Phoenix
Roadside assistance Phoenix,local roadside assistance near me Phoenix
Roadside assistance Phoenix,cheap roadside assistance near me Phoenix
Roadside assistance Phoenix,tow truck and roadside assistance near me Phoenix
Roadside assistance Phoenix,roadside help near me Phoenix
Roadside assistance Phoenix,roadside assistance services near me Phoenix
Roadside assistance Phoenix,best roadside assistance near me Phoenix
Roadside assistance Columbus,roadside assistance near me Columbus
Roadside assistance Columbus,roadside assistance near me in Columbus
Roadside assistance Columbus,roadside assistance in Columbus near me
Roadside assistance Columbus,24/7 roadside assistance near me Columbus
Roadside assistance Columbus,emergency roadside assistance near me Columbus
Roadside assistance Columbus,local roadside assistance near me Columbus
Roadside assistance Columbus,cheap roadside assistance near me Columbus
Roadside assistance Columbus,tow truck and roadside assistance near me Columbus
Roadside assistance Columbus,roadside help near me Columbus
Roadside assistance Columbus,roadside assistance services near me Columbus
Roadside assistance Columbus,best roadside assistance near me Columbus
Roadside assistance Minneapolis,roadside assistance near me Minneapolis
Roadside assistance Minneapolis,roadside assistance near me in Minneapolis
Roadside assistance Minneapolis,roadside assistance in Minneapolis near me
Roadside assistance Minneapolis,24/7 roadside assistance near me Minneapolis
Roadside assistance Minneapolis,emergency roadside assistance near me Minneapolis
Roadside assistance Minneapolis,local roadside assistance near me Minneapolis
Roadside assistance Minneapolis,cheap roadside assistance near me Minneapolis
Roadside assistance Minneapolis,tow truck and roadside assistance near me Minneapolis
Roadside assistance Minneapolis,roadside help near me Minneapolis
Roadside assistance Minneapolis,roadside assistance services near me Minneapolis
Roadside assistance Minneapolis,best roadside assistance near me Minneapolis
Robot vacuum,best robot vacuum cleaner
Robot vacuum,best robot vacuum
Robot vacuum,best robot vacuum cleaner 2026
Robot vacuum,top robot vacuum cleaners
Robot vacuum,best robotic vacuum cleaner
Robot vacuum,what is the best robot vacuum cleaner
Robot vacuum,best robot vacuum cleaner for home
Robot vacuum,highest rated robot vacuum cleaners
Robot vacuum,best rated robot vacuum cleaner
Robot vacuum,top-rated robot vacuums
Robot vacuum,robot vacuum cleaner comparison and best models
Romance scammer,how to spot a romance scammer online
Romance scammer,how to tell if someone is a romance scammer online
Romance scammer,ways to detect an online romance scammer
Romance scammer,signs someone is a romance scammer on dating sites
Romance scammer,how to identify a scammer posing as a romantic partner online
Romance scammer,what are the red flags of an online romance scam
Romance scammer,how to recognize a romance scammer on the internet
Romance scammer,tips for spotting an online romance scammer
Romance scammer,how can I spot a romance scammer online
Romance scammer,how to spot fake romantic profiles online
Romance scammer,how to know if someone is a romance scammer online
Romantic restaurants Louisville,romantic restaurants near Louisville
Romantic restaurants Louisville,best romantic restaurants near Louisville
Romantic restaurants Louisville,romantic dinner spots near Louisville
Romantic restaurants Louisville,date night restaurants near Louisville
Romantic restaurants Louisville,intimate restaurants near Louisville
Romantic restaurants Louisville,romantic places to eat near Louisville
Romantic restaurants Louisville,cozy romantic restaurants near Louisville
Romantic restaurants Louisville,top romantic restaurants near Louisville
Romantic restaurants Louisville,romantic restaurants with a view near Louisville
Romantic restaurants Louisville,quiet romantic restaurants near Louisville
Romantic restaurants Louisville,romantic fine dining near Louisville
Romantic restaurants Cincinnati,romantic restaurants near Cincinnati
Romantic restaurants Cincinnati,best romantic restaurants near Cincinnati
Romantic restaurants Cincinnati,romantic dinner spots near Cincinnati
Romantic restaurants Cincinnati,date night restaurants near Cincinnati
Romantic restaurants Cincinnati,intimate restaurants near Cincinnati
Romantic restaurants Cincinnati,romantic places to eat near Cincinnati
Romantic restaurants Cincinnati,cozy romantic restaurants near Cincinnati
Romantic restaurants Cincinnati,top romantic restaurants near Cincinnati
Romantic restaurants Cincinnati,romantic restaurants with a view near Cincinnati
Romantic restaurants Cincinnati,quiet romantic restaurants near Cincinnati
Romantic restaurants Cincinnati,romantic fine dining near Cincinnati
Romantic restaurants Pittsburgh,romantic restaurants near Pittsburgh
Romantic restaurants Pittsburgh,best romantic restaurants near Pittsburgh
Romantic restaurants Pittsburgh,romantic dinner spots near Pittsburgh
Romantic restaurants Pittsburgh,date night restaurants near Pittsburgh
Romantic restaurants Pittsburgh,intimate restaurants near Pittsburgh
Romantic restaurants Pittsburgh,romantic places to eat near Pittsburgh
Romantic restaurants Pittsburgh,cozy romantic restaurants near Pittsburgh
Romantic restaurants Pittsburgh,top romantic restaurants near Pittsburgh
Romantic restaurants Pittsburgh,romantic restaurants with a view near Pittsburgh
Romantic restaurants Pittsburgh,quiet romantic restaurants near Pittsburgh
Romantic restaurants Pittsburgh,romantic fine dining near Pittsburgh
Roth IRA withdraw,how to withdraw from Roth IRA
Roth IRA withdraw,how do I withdraw money from a Roth IRA
Roth IRA withdraw,can I take money out of my Roth IRA and how
Roth IRA withdraw,steps to withdraw funds from Roth IRA
Roth IRA withdraw,withdrawal rules for Roth IRA
Roth IRA withdraw,how to take distributions from a Roth IRA
Roth IRA withdraw,how to cash out a Roth IRA
Roth IRA withdraw,what's the process to withdraw from a Roth IRA
Roth IRA withdraw,how to remove money from Roth IRA without penalty
Roth IRA withdraw,how do withdrawals work on a Roth IRA
Roth IRA withdraw,how to access funds in a Roth IRA
Rowing machine,best rowing machine for home
Rowing machine,best rowing machine for home use
Rowing machine,best home rowing machine
Rowing machine,top rowing machines for home
Rowing machine,which rowing machine is best for home
Rowing machine,best rowing machine to buy for home
Rowing machine,best compact rowing machine for home
Rowing machine,best rowing machine for a small home gym
Rowing machine,best affordable rowing machine for home
Rowing machine,best indoor rowing machine for home use
Rowing machine,best rowing machine for home workouts
Run out of gas delivery Denver,run out of gas delivery near me Denver
Run out of gas delivery Denver,emergency gas delivery near me Denver
Run out of gas delivery Denver,fuel delivery for run out of gas near me Denver
Run out of gas delivery Denver,out of gas delivery near me Denver
Run out of gas delivery Denver,delivery when you run out of gas near me Denver
Run out of gas delivery Denver,mobile fuel delivery near me Denver
Run out of gas delivery Denver,gasoline delivery after running out near me Denver
Run out of gas delivery Denver,need gas delivery ran out of gas near me Denver
Run out of gas delivery Denver,local gas delivery services for run out of gas near me Denver
Run out of gas delivery Denver,24/7 gas delivery near me Denver
Run out of gas delivery Denver,petrol delivery for run out of gas near me Denver
Run out of gas delivery Austin,run out of gas delivery near me Austin
Run out of gas delivery Austin,emergency gas delivery near me Austin
Run out of gas delivery Austin,fuel delivery for run out of gas near me Austin
Run out of gas delivery Austin,out of gas delivery near me Austin
Run out of gas delivery Austin,delivery when you run out of gas near me Austin
Run out of gas delivery Austin,mobile fuel delivery near me Austin
Run out of gas delivery Austin,gasoline delivery after running out near me Austin
Run out of gas delivery Austin,need gas delivery ran out of gas near me Austin
Run out of gas delivery Austin,local gas delivery services for run out of gas near me Austin
Run out of gas delivery Austin,24/7 gas delivery near me Austin
Run out of gas delivery Austin,petrol delivery for run out of gas near me Austin
Run out of gas delivery Albuquerque,run out of gas delivery near me Albuquerque
Run out of gas delivery Albuquerque,emergency gas delivery near me Albuquerque
Run out of gas delivery Albuquerque,fuel delivery for run out of gas near me Albuquerque
Run out of gas delivery Albuquerque,out of gas delivery near me Albuquerque
Run out of gas delivery Albuquerque,delivery when you run out of gas near me Albuquerque
Run out of gas delivery Albuquerque,mobile fuel delivery near me Albuquerque
Run out of gas delivery Albuquerque,gasoline delivery after running out near me Albuquerque
Run out of gas delivery Albuquerque,need gas delivery ran out of gas near me Albuquerque
Run out of gas delivery Albuquerque,local gas delivery services for run out of gas near me Albuquerque
Run out of gas delivery Albuquerque,24/7 gas delivery near me Albuquerque
Run out of gas delivery Albuquerque,petrol delivery for run out of gas near me Albuquerque
Running shoes back pain,best running shoes for back pain
Running shoes back pain,what are the best running shoes for back pain
Running shoes back pain,running shoes that help with back pain
Running shoes back pain,best shoes for runners who have back pain
Running shoes back pain,top running shoes to relieve back pain
Running shoes back pain,running shoes for lower back pain
Running shoes back pain,best cushioned running shoes for back pain relief
Running shoes back pain,supportive running shoes for back pain sufferers
Running shoes back pain,which running shoes are best for easing back pain
Running shoes back pain,best running footwear for back pain
Running shoes back pain,running shoes to prevent or reduce back pain
Senior dating profile,how to set up online dating profile for seniors
Senior dating profile,how to set up an online dating profile for seniors
Senior dating profile,how do i create an online dating profile for seniors
Senior dating profile,tips for creating a senior online dating profile
Senior dating profile,best way to set up a dating profile for seniors
Senior dating profile,what to include in an online dating profile for seniors
Senior dating profile,examples of good dating profiles for seniors
Senior dating profile,how to write a dating profile for seniors
Senior dating profile,step by step guide to creating an online dating profile for seniors
Senior dating profile,online dating profile tips for people over 60
Senior dating profile,how to make a senior dating profile that attracts matches
Senior dating sites,best senior online dating sites
Senior dating sites,online dating for people over 60
Senior dating sites,best dating sites for seniors
Senior dating sites,online dating for singles over 60
Senior dating sites,top senior dating websites
Senior dating sites,dating sites for people over 60
Senior dating sites,best online dating sites for people 60 and over
Senior dating sites,how to date online when you're over 60
Senior dating sites,best dating sites for 60 plus
Senior dating sites,online dating options for those over 60
Senior dating sites,top websites for senior online dating
Senior dating sites,where can people over 60 meet online
Senior dating sites,best senior singles dating sites
Senior dating sites,dating apps and sites for over 60s
Senior dating sites,best online dating platforms for seniors
Senior dating sites,online dating for 60+ singles
Senior dating sites,recommended dating sites for seniors over 60
Senior dating sites,how to find dates online after 60
Senior dating sites,best websites for seniors looking for love
Senior dating sites,online dating advice for people over 60
Senior dating sites,best senior dating sites and apps
Senior dating sites,safe online dating for those over 60
Senior singles events Baltimore,senior singles events near me Baltimore
Senior singles events Baltimore,senior singles events near Baltimore
Senior singles events Baltimore,upcoming senior singles events in Baltimore
Senior singles events Baltimore,senior singles meetups near me Baltimore
Senior singles events Baltimore,senior singles mixers near Baltimore
Senior singles events Baltimore,50+ singles events near Baltimore
Senior singles events Baltimore,events for single seniors near me Baltimore
Senior singles events Baltimore,where to find senior singles events in Baltimore
Senior singles events Baltimore,senior dating events happening near Baltimore
Senior singles events Baltimore,activities for senior singles near Baltimore
Senior singles events Baltimore,local senior singles events around Baltimore
Senior singles events Tampa,senior singles events near me Tampa
Senior singles events Tampa,senior singles events near Tampa
Senior singles events Tampa,upcoming senior singles events in Tampa
Senior singles events Tampa,senior singles meetups near me Tampa
Senior singles events Tampa,senior singles mixers near Tampa
Senior singles events Tampa,50+ singles events near Tampa
Senior singles events Tampa,events for single seniors near me Tampa
Senior singles events Tampa,where to find senior singles events in Tampa
Senior singles events Tampa,senior dating events happening near Tampa
Senior singles events Tampa,activities for senior singles near Tampa
Senior singles events Tampa,local senior singles events around Tampa
Senior singles events Denver,senior singles events near me Denver
Senior singles events Denver,senior singles events near Denver
Senior singles events Denver,upcoming senior singles events in Denver
Senior singles events Denver,senior singles meetups near me Denver
Senior singles events Denver,senior singles mixers near Denver
Senior singles events Denver,50+ singles events near Denver
Senior singles events Denver,events for single seniors near me Denver
Senior singles events Denver,where to find senior singles events in Denver
Senior singles events Denver,senior dating events happening near Denver
Senior singles events Denver,activities for senior singles near Denver
Senior singles events Denver,local senior singles events around Denver
Senior social clubs Milwaukee,senior social clubs near me Milwaukee
Senior social clubs Milwaukee,senior social clubs near Milwaukee
Senior social clubs Milwaukee,social clubs for seniors near Milwaukee
Senior social clubs Milwaukee,senior meetup groups near Milwaukee
Senior social clubs Milwaukee,senior activity clubs in Milwaukee
Senior social clubs Milwaukee,where are senior social clubs in Milwaukee
Senior social clubs Milwaukee,best senior social clubs near Milwaukee
Senior social clubs Milwaukee,local senior community clubs in Milwaukee
Senior social clubs Milwaukee,senior social groups for retirees in Milwaukee
Senior social clubs Milwaukee,senior recreational and social clubs near Milwaukee
Senior social clubs Milwaukee,clubs for seniors to meet others in Milwaukee
Senior social clubs San Diego,senior social clubs near me San Diego
Senior social clubs San Diego,senior social clubs near San Diego
Senior social clubs San Diego,social clubs for seniors near San Diego
Senior social clubs San Diego,senior meetup groups near San Diego
Senior social clubs San Diego,senior activity clubs in San Diego
Senior social clubs San Diego,where are senior social clubs in San Diego
Senior social clubs San Diego,best senior social clubs near San Diego
Senior social clubs San Diego,local senior community clubs in San Diego
Senior social clubs San Diego,senior social groups for retirees in San Diego
Senior social clubs San Diego,senior recreational and social clubs near San Diego
Senior social clubs San Diego,clubs for seniors to meet others in San Diego
Senior social clubs Houston,senior social clubs near me Houston
Senior social clubs Houston,senior social clubs near Houston
Senior social clubs Houston,social clubs for seniors near Houston
Senior social clubs Houston,senior meetup groups near Houston
Senior social clubs Houston,senior activity clubs in Houston
Senior social clubs Houston,where are senior social clubs in Houston
Senior social clubs Houston,best senior social clubs near Houston
Senior social clubs Houston,local senior community clubs in Houston
Senior social clubs Houston,senior social groups for retirees in Houston
Senior social clubs Houston,senior recreational and social clubs near Houston
Senior social clubs Houston,clubs for seniors to meet others in Houston
Shoes flat feet,best shoes for flat feet
Shoes flat feet,best shoes for flat feet
Shoes flat feet,best shoes if you have flat feet
Shoes flat feet,most supportive shoes for flat feet
Shoes flat feet,best footwear for flat feet
Shoes flat feet,shoes that help flat feet
Shoes flat feet,what are the best shoes for flat feet
Shoes flat feet,best shoes to support flat feet
Shoes flat feet,top rated shoes for flat feet
Shoes flat feet,most comfortable shoes for flat feet
Shoes flat feet,best walking shoes for flat feet
Shoes plantar fasciitis,best shoes for plantar fasciitis
Shoes plantar fasciitis,best shoes for plantar fasciitis relief
Shoes plantar fasciitis,top shoes to help plantar fasciitis
Shoes plantar fasciitis,best footwear for plantar fasciitis
Shoes plantar fasciitis,most supportive shoes for plantar fasciitis
Shoes plantar fasciitis,what are the best shoes for plantar fasciitis
Shoes plantar fasciitis,best running shoes for plantar fasciitis
Shoes plantar fasciitis,best everyday shoes for plantar fasciitis
Shoes plantar fasciitis,best shoes to relieve heel pain from plantar fasciitis
Shoes plantar fasciitis,best sneakers for plantar fasciitis
Shoes plantar fasciitis,which shoes are best for plantar fasciitis
SilverSingles vs OurTime,SilverSingles vs OurTime review
SilverSingles vs OurTime,SilverSingles vs OurTime reviews
SilverSingles vs OurTime,OurTime vs SilverSingles review
SilverSingles vs OurTime,SilverSingles or OurTime which is better review
SilverSingles vs OurTime,compare SilverSingles and OurTime reviews
SilverSingles vs OurTime,SilverSingles vs OurTime dating site review
SilverSingles vs OurTime,Is SilverSingles better than OurTime review
SilverSingles vs OurTime,side by side review SilverSingles vs OurTime
SilverSingles vs OurTime,SilverSingles vs OurTime user reviews
SilverSingles vs OurTime,SilverSingles vs OurTime comparison and review
SilverSingles vs OurTime,honest review SilverSingles vs OurTime
Slip and fall attorney Anchorage,slip and fall attorney near Anchorage
Slip and fall attorney Anchorage,slip and fall lawyer near Anchorage
Slip and fall attorney Anchorage,slip & fall attorney near Anchorage
Slip and fall attorney Anchorage,slip-and-fall attorney near Anchorage
Slip and fall attorney Anchorage,personal injury attorney for slip and fall near Anchorage
Slip and fall attorney Anchorage,best slip and fall attorney near Anchorage
Slip and fall attorney Anchorage,top-rated slip and fall attorney near Anchorage
Slip and fall attorney Anchorage,local slip and fall attorney near Anchorage
Slip and fall attorney Anchorage,experienced slip and fall attorney near Anchorage
Slip and fall attorney Anchorage,find a slip and fall attorney near Anchorage
Slip and fall attorney Anchorage,affordable slip and fall attorney near Anchorage
Slip and fall attorney Anchorage,slip and fall attorney near Anchorage
Slip and fall attorney Anchorage,slip and fall lawyer near Anchorage
Slip and fall attorney Anchorage,slip & fall attorney near Anchorage
Slip and fall attorney Anchorage,slip-and-fall attorney near Anchorage
Slip and fall attorney Anchorage,personal injury attorney for slip and fall near Anchorage
Slip and fall attorney Anchorage,best slip and fall attorney near Anchorage
Slip and fall attorney Anchorage,top-rated slip and fall attorney near Anchorage
Slip and fall attorney Anchorage,local slip and fall attorney near Anchorage
Slip and fall attorney Anchorage,experienced slip and fall attorney near Anchorage
Slip and fall attorney Anchorage,find a slip and fall attorney near Anchorage
Slip and fall attorney Anchorage,affordable slip and fall attorney near Anchorage
Slip and fall attorney Louisville,slip and fall attorney near Louisville
Slip and fall attorney Louisville,slip and fall lawyer near Louisville
Slip and fall attorney Louisville,slip & fall attorney near Louisville
Slip and fall attorney Louisville,slip-and-fall attorney near Louisville
Slip and fall attorney Louisville,personal injury attorney for slip and fall near Louisville
Slip and fall attorney Louisville,best slip and fall attorney near Louisville
Slip and fall attorney Louisville,top-rated slip and fall attorney near Louisville
Slip and fall attorney Louisville,local slip and fall attorney near Louisville
Slip and fall attorney Louisville,experienced slip and fall attorney near Louisville
Slip and fall attorney Louisville,find a slip and fall attorney near Louisville
Slip and fall attorney Louisville,affordable slip and fall attorney near Louisville
Smart TV,best smart TV under $500
Smart TV,best smart TV under $500
Smart TV,what's the best smart TV under $500
Smart TV,best smart TVs under $500
Smart TV,top smart TVs under $500
Smart TV,best cheap smart TV under $500
Smart TV,best budget smart TV under $500
Smart TV,best smart television under $500
Smart TV,which smart TV is best under $500
Smart TV,top-rated smart TV under $500
Smart TV,best value smart TV under $500
Smart home hub,best smart home hub
Smart home hub,best smart home hub
Smart home hub,what is the best smart home hub
Smart home hub,best hub for smart home devices
Smart home hub,smart home hub buying guide
Smart home hub,compare smart home hubs
Smart home hub,which smart home hub should I buy
Smart home hub,top smart home hub picks
Smart home hub,most reliable smart home hub
Smart home hub,smart home hub recommendations
Smart home hub,best central hub for smart home
Soundbar for TV,best soundbar for TV
Soundbar for TV,best soundbar for my TV
Soundbar for TV,which soundbar is best for a TV
Soundbar for TV,best TV soundbar
Soundbar for TV,best soundbar for television
Soundbar for TV,what is the best soundbar for TV
Soundbar for TV,best soundbar to buy for a TV
Soundbar for TV,top soundbars for TV
Soundbar for TV,best soundbar for your TV
Soundbar for TV,best soundbar for living room TV
Soundbar for TV,best soundbar for TV 2026
Southwest Airlines,change Southwest Airlines flight
Southwest Airlines,Southwest Airlines phone number rebooking
Southwest Airlines,how to change a Southwest Airlines flight
Southwest Airlines,Southwest Airlines phone number for rebooking
Southwest Airlines,change my Southwest flight online or by phone
Southwest Airlines,phone number to rebook with Southwest Airlines
Southwest Airlines,modify Southwest Airlines reservation
Southwest Airlines,Southwest Airlines customer service number for rebooking
Southwest Airlines,how do I change a Southwest flight
Southwest Airlines,Southwest rebooking phone number
Southwest Airlines,change flight Southwest Airlines policy
Southwest Airlines,call to rebook Southwest Airlines phone number
Southwest Airlines,reschedule Southwest Airlines flight
Southwest Airlines,what is Southwest Airlines' phone number to rebook
Southwest Airlines,edit my Southwest Airlines booking
Southwest Airlines,Southwest Airlines phone number to change flight
Southwest Airlines,can I change my Southwest flight
Southwest Airlines,Southwest phone number for changing or rebooking flights
Southwest Airlines,Southwest Airlines change flight fee and process
Southwest Airlines,how to reach Southwest by phone for rebooking
Southwest Airlines,steps to change a Southwest flight
Southwest Airlines,Southwest Airlines phone number customer support rebooking
Spectrum cancel,how to cancel Spectrum internet
Spectrum cancel,Spectrum customer service number
Spectrum cancel,how do i cancel my Spectrum internet service
Spectrum cancel,what is Spectrum customer service number
Spectrum cancel,cancel Spectrum internet account
Spectrum cancel,Spectrum customer support phone number
Spectrum cancel,how to end Spectrum internet service
Spectrum cancel,phone number for Spectrum customer service
Spectrum cancel,steps to cancel Spectrum internet
Spectrum cancel,how to contact Spectrum by phone
Spectrum cancel,can i cancel Spectrum internet online
Spectrum cancel,Spectrum cancellation phone number
Spectrum cancel,how to terminate Spectrum internet plan
Spectrum cancel,number to call Spectrum customer service
Spectrum cancel,i want to cancel my Spectrum internet
Spectrum cancel,Spectrum support contact number
Spectrum cancel,how do i stop Spectrum internet service
Spectrum cancel,what's the phone number for Spectrum customer support
Spectrum cancel,how to cancel my Spectrum internet subscription
Spectrum cancel,what's the phone number for Spectrum customer support
Spectrum cancel,how can i cancel Spectrum internet service today
Spectrum cancel,Spectrum customer service contact number
Spirit Airlines,Spirit Airlines customer service cancel
Spirit Airlines,Spirit Airlines customer service cancel reservation
Spirit Airlines,how to cancel Spirit Airlines booking with customer service
Spirit Airlines,Spirit Airlines cancel flight customer service phone number
Spirit Airlines,contact Spirit Airlines customer service to cancel ticket
Spirit Airlines,Spirit Airlines customer support cancel booking
Spirit Airlines,cancel Spirit Airlines reservation through customer service
Spirit Airlines,call Spirit Airlines customer service to cancel my flight
Spirit Airlines,Spirit Airlines how to cancel with customer service phone
Spirit Airlines,need to cancel Spirit Airlines reservation customer service help
Spirit Airlines,Spirit Airlines customer service cancellation policy and contact
Spotify cancel,how to cancel Spotify
Spotify cancel,how do i cancel my Spotify subscription
Spotify cancel,cancel Spotify subscription steps
Spotify cancel,unsubscribe from Spotify
Spotify cancel,how to cancel Spotify Premium
Spotify cancel,stop my Spotify subscription
Spotify cancel,how to cancel Spotify on iPhone
Spotify cancel,how to cancel Spotify on Android
Spotify cancel,how to cancel my Spotify account
Spotify cancel,how to cancel Spotify subscription on web
Spotify cancel,how can i cancel Spotify
Standing desk,best standing desk
Standing desk,what is the best standing desk
Standing desk,best standing desks
Standing desk,top rated standing desk
Standing desk,best standing desk reviews
Standing desk,which standing desk is best
Standing desk,best adjustable standing desk
Standing desk,best sit-stand desk
Standing desk,best ergonomic standing desk
Standing desk,best standing desk for home office
Standing desk,best standing desk buying guide
Stationary bike,best stationary bike
Stationary bike,best stationary bike
Stationary bike,top rated stationary bikes
Stationary bike,best stationary bike for home use
Stationary bike,which is the best stationary bike to buy
Stationary bike,best stationary exercise bike
Stationary bike,best indoor stationary bike
Stationary bike,best stationary bike for apartments
Stationary bike,best budget stationary bike
Stationary bike,best high end stationary bike
Stationary bike,best stationary bike reviews
Supplements building muscle,best supplements for building muscle
Supplements building muscle,best supplements to build muscle
Supplements building muscle,top supplements for muscle growth
Supplements building muscle,what are the best supplements for gaining muscle
Supplements building muscle,supplements that help build muscle
Supplements building muscle,best bodybuilding supplements for muscle gain
Supplements building muscle,most effective supplements for muscle growth
Supplements building muscle,which supplements are best for building muscle
Supplements building muscle,best supplements to gain muscle mass
Supplements building muscle,best over-the-counter supplements for muscle building
Supplements building muscle,natural supplements for building muscle
Supplements for depression,best supplements for depression
Supplements for depression,top supplements for depression
Supplements for depression,best supplements to treat depression
Supplements for depression,natural supplements for depression and low mood
Supplements for depression,most effective supplements for depression
Supplements for depression,best vitamins and supplements for depression
Supplements for depression,supplements recommended for depression
Supplements for depression,over-the-counter supplements for depression
Supplements for depression,herbal supplements for depression
Supplements for depression,supplements that help with depression symptoms
Supplements for depression,evidence-based supplements for depression
Supplements hair,best supplements for hair growth
Supplements hair,best vitamins for hair loss
Supplements hair,top supplements for hair growth
Supplements hair,top vitamins for preventing hair loss
Supplements hair,what supplements help hair grow faster
Supplements hair,what vitamins help with hair loss
Supplements hair,most effective supplements for hair growth
Supplements hair,most effective vitamins for hair loss
Supplements hair,supplements that promote hair growth
Supplements hair,vitamins to stop hair loss
Supplements hair,supplements for thinning hair and growth
Supplements hair,vitamins for thinning hair and hair loss
Supplements hair,natural supplements for hair growth
Supplements hair,natural vitamins to prevent hair loss
Supplements hair,supplements to boost hair growth
Supplements hair,vitamins that reduce hair loss
Supplements hair,which supplements are best for hair growth
Supplements hair,which vitamins are best for hair loss
Supplements hair,over the counter supplements for hair growth
Supplements hair,over the counter vitamins for hair loss
Supplements hair,supplements proven to help hair growth
Supplements hair,vitamins proven to help hair loss
Supplements inflammation,best supplements for inflammation
Supplements inflammation,top supplements to reduce inflammation
Supplements inflammation,what supplements help with inflammation
Supplements inflammation,natural supplements for inflammation relief
Supplements inflammation,supplements that reduce inflammation quickly
Supplements inflammation,best anti inflammatory supplements
Supplements inflammation,over the counter supplements for inflammation
Supplements inflammation,vitamins and supplements for inflammation control
Supplements inflammation,herbal supplements to lower inflammation
Supplements inflammation,effective supplements to fight inflammation
Supplements inflammation,supplements for chronic inflammation management
Supplements joint pain,best supplements for joint pain
Supplements joint pain,what are the best supplements for joint pain
Supplements joint pain,top supplements to ease joint pain
Supplements joint pain,supplements that help with joint pain
Supplements joint pain,natural supplements for joint pain relief
Supplements joint pain,best over-the-counter supplements for joint pain
Supplements joint pain,vitamins and supplements for joint pain
Supplements joint pain,which supplements are best for joint pain
Supplements joint pain,supplements for reducing joint pain and inflammation
Supplements joint pain,effective supplements for chronic joint pain
Supplements joint pain,best supplements to support joint health and pain
Supplements weight loss,best supplements for weight loss
Supplements weight loss,best fat burner supplement
Supplements weight loss,top supplements for weight loss
Supplements weight loss,best fat burner pill
Supplements weight loss,best supplements to lose weight
Supplements weight loss,most effective fat burner supplement
Supplements weight loss,most effective supplements for weight loss
Supplements weight loss,best over the counter fat burner supplement
Supplements weight loss,supplements that help weight loss
Supplements weight loss,best natural fat burner supplement
Supplements weight loss,what supplements are best for weight loss
Supplements weight loss,best fat burning supplement for beginners
Supplements weight loss,supplements to aid weight loss
Supplements weight loss,top fat burner supplements
Supplements weight loss,natural supplements to help lose weight
Supplements weight loss,effective fat burner supplement options
Supplements weight loss,supplements for losing weight fast
Supplements weight loss,best fat burner supplement for men
Supplements weight loss,which supplements work for weight loss
Supplements weight loss,best fat burner supplement to buy
Supplements weight loss,recommended supplements for weight loss
Supplements weight loss,best fat burner supplement reviews
T-Mobile cancel,how to reach T-Mobile customer service
T-Mobile cancel,T-Mobile cancel plan phone number
T-Mobile cancel,how do I contact T-Mobile customer service
T-Mobile cancel,phone number to cancel T-Mobile plan
T-Mobile cancel,T-Mobile customer service contact number
T-Mobile cancel,T-Mobile cancel plan phone number
T-Mobile cancel,ways to reach T-Mobile customer support
T-Mobile cancel,what is the phone number to cancel my T-Mobile plan
T-Mobile cancel,how to get in touch with T-Mobile customer service
T-Mobile cancel,how do I call T-Mobile to cancel my plan
T-Mobile cancel,T-Mobile support phone number to speak to a representative
T-Mobile cancel,T-Mobile cancellation phone number to cancel service
T-Mobile cancel,contact T-Mobile customer service phone number
T-Mobile cancel,phone number for canceling a T-Mobile plan
T-Mobile cancel,how can I reach T-Mobile support by phone
T-Mobile cancel,number to call to cancel T-Mobile plan
T-Mobile cancel,T-Mobile customer service live help phone number
T-Mobile cancel,how to reach T-Mobile to cancel plan by phone
T-Mobile cancel,how to contact T-Mobile support for help
T-Mobile cancel,T-Mobile customer service phone number to cancel plan
T-Mobile cancel,best way to reach T-Mobile customer service phone
T-Mobile cancel,need phone number to cancel T-Mobile service
Treadmill home,best treadmill for home
Treadmill home,best treadmills for home use
Treadmill home,best home treadmill to buy
Treadmill home,top treadmills for home
Treadmill home,best treadmill for home workouts
Treadmill home,best folding treadmill for home
Treadmill home,best compact treadmill for home use
Treadmill home,what is the best treadmill for home use
Treadmill home,best treadmill for small home spaces
Treadmill home,best affordable treadmill for home
Treadmill home,best treadmill for home gym
Twitter X password,how to reset Twitter X password
Twitter X password,how do I reset my Twitter X password
Twitter X password,reset my Twitter X password
Twitter X password,how to change Twitter X password
Twitter X password,forgot my Twitter X password how to reset it
Twitter X password,how can I recover or reset my Twitter X password
Twitter X password,steps to reset Twitter X password
Twitter X password,Twitter X password reset instructions
Twitter X password,how to reset the password on my Twitter X account
Twitter X password,can't remember my Twitter X password how to reset
Twitter X password,how to regain access by resetting my Twitter X password
United Airlines,United Airlines rebooking phone number
United Airlines,United Airlines customer service
United Airlines,United Airlines rebook flight phone number
United Airlines,United Airlines customer service number
United Airlines,phone number for United Airlines rebooking
United Airlines,contact United Airlines customer service
United Airlines,how to call United Airlines to rebook
United Airlines,United Airlines customer support phone
United Airlines,United rebooking phone number
United Airlines,United Airlines help center phone number
United Airlines,United Airlines change reservation phone number
United Airlines,United Airlines contact number for customer service
United Airlines,call United Airlines to rebook a flight phone number
United Airlines,how to reach United Airlines customer service
United Airlines,United Airlines rebooking contact number
United Airlines,how to contact United Airlines customer service
United Airlines,what is United Airlines rebooking phone
United Airlines,United Airlines customer service contact
United Airlines,United Airlines flight rebooking phone number
United Airlines,phone number for United Airlines customer support
United Airlines,United rebooking phone
United Airlines,United Airlines customer service phone
VPN service,best VPN service
VPN service,what is the best VPN service
VPN service,which VPN service is the best
VPN service,top VPN services
VPN service,best VPN providers
VPN service,best VPN service reviews
VPN service,compare VPN services
VPN service,best-rated VPN services
VPN service,best VPN service 2026
VPN service,most reliable VPN services
VPN service,best VPN service overall
Verizon cancel,how to cancel Verizon service
Verizon cancel,Verizon customer service phone number
Verizon cancel,cancel Verizon wireless plan
Verizon cancel,how do I cancel my Verizon service
Verizon cancel,Verizon customer service phone number
Verizon cancel,cancel my Verizon wireless plan
Verizon cancel,steps to cancel Verizon service
Verizon cancel,what's Verizon's customer service number
Verizon cancel,how to cancel a Verizon wireless plan
Verizon cancel,cancel Verizon account online
Verizon cancel,Verizon support phone number for customers
Verizon cancel,end Verizon wireless service
Verizon cancel,how to stop Verizon service
Verizon cancel,phone number for Verizon customer support
Verizon cancel,cancel Verizon mobile plan
Verizon cancel,can I cancel Verizon service over the phone
Verizon cancel,contact number for Verizon customer service
Verizon cancel,cancel Verizon wireless plan online
Verizon cancel,how to terminate Verizon service
Verizon cancel,Verizon customer care phone number
Verizon cancel,cancel my Verizon cellphone plan
Verizon cancel,how to cancel Verizon service and stop billing
Verizon cancel,Verizon billing phone number for customer service
Verizon cancel,cancel wireless plan with Verizon
Verizon cancel,I need to cancel Verizon service
Verizon cancel,Verizon customer support phone number
Verizon cancel,how to cancel Verizon mobile service
Verizon cancel,what's the process to cancel Verizon service
Verizon cancel,Verizon phone number customer service
Verizon cancel,cancel Verizon wireless contract
Verizon cancel,how do I close my Verizon account/service
Verizon cancel,phone number for Verizon customer care
Verizon cancel,cancel Verizon wireless plan today
Water flosser,best water flosser
Water flosser,what is the best water flosser
Water flosser,best water flosser to buy
Water flosser,top-rated water flossers
Water flosser,which water flosser is best
Water flosser,best oral irrigator (water flosser)
Water flosser,best water flossing device
Water flosser,top water flosser models
Water flosser,best water flosser for home use
Water flosser,best electric water flosser
Water flosser,best water flosser reviews
Webcam video calls,best webcam for video calls
Webcam video calls,best webcam for video chats
Webcam video calls,what is the best webcam for video calls
Webcam video calls,top webcams for video calling
Webcam video calls,which webcam is best for video calls
Webcam video calls,best webcam for Zoom video calls
Webcam video calls,best external webcam for video calls
Webcam video calls,best USB webcam for video calls
Webcam video calls,best webcam for high quality video calls
Webcam video calls,best webcam for online video calls
Webcam video calls,best webcam for video conferencing and calls
Weighted blanket,best weighted blanket
Weighted blanket,what is the best weighted blanket
Weighted blanket,best weighted blanket reviews
Weighted blanket,top rated weighted blankets
Weighted blanket,which weighted blanket is best
Weighted blanket,best weighted blanket to buy
Weighted blanket,best rated weighted blanket
Weighted blanket,best weighted blankets for sale
Weighted blanket,most recommended weighted blanket
Weighted blanket,best overall weighted blanket
Weighted blanket,best weighted blanket comparison
Wireless earbuds,best wireless earbuds under $100
Wireless earbuds,best wireless earbuds under $100
Wireless earbuds,top wireless earbuds under $100
Wireless earbuds,best Bluetooth earbuds under $100
Wireless earbuds,best true wireless earbuds under $100
Wireless earbuds,best wireless earbuds for under $100
Wireless earbuds,best wireless earbuds below $100
Wireless earbuds,best wireless earbuds under $100 2026
Wireless earbuds,best wireless earbuds you can buy under $100
Wireless earbuds,highest rated wireless earbuds under $100
Wireless earbuds,best budget wireless earbuds under $100
Workers compensation attorney Dallas,workers compensation attorney Dallas
Workers compensation attorney Dallas,workers' compensation attorney Dallas
Workers compensation attorney Dallas,workers compensation lawyer Dallas
Workers compensation attorney Dallas,workers' comp attorney near Dallas
Workers compensation attorney Dallas,best workers compensation attorney in Dallas
Workers compensation attorney Dallas,top-rated workers compensation lawyer Dallas
Workers compensation attorney Dallas,local workers compensation attorney Dallas
Workers compensation attorney Dallas,affordable workers compensation attorney Dallas
Workers compensation attorney Dallas,workers compensation law firm Dallas
Workers compensation attorney Dallas,hire a workers compensation attorney in Dallas
Workers compensation attorney Dallas,experienced workers compensation attorney Dallas
Workers compensation attorney Dallas,workers compensation attorney Dallas
Workers compensation attorney Dallas,workers' compensation attorney Dallas
Workers compensation attorney Dallas,workers compensation lawyer Dallas
Workers compensation attorney Dallas,workers' comp attorney near Dallas
Workers compensation attorney Dallas,best workers compensation attorney in Dallas
Workers compensation attorney Dallas,top-rated workers compensation lawyer Dallas
Workers compensation attorney Dallas,local workers compensation attorney Dallas
Workers compensation attorney Dallas,affordable workers compensation attorney Dallas
Workers compensation attorney Dallas,workers compensation law firm Dallas
Workers compensation attorney Dallas,hire a workers compensation attorney in Dallas
Workers compensation attorney Dallas,experienced workers compensation attorney Dallas
Workers compensation attorney Denver,workers compensation attorney Denver
Workers compensation attorney Denver,workers' compensation attorney Denver
Workers compensation attorney Denver,workers compensation lawyer Denver
Workers compensation attorney Denver,workers' comp attorney near Denver
Workers compensation attorney Denver,best workers compensation attorney in Denver
Workers compensation attorney Denver,top-rated workers compensation lawyer Denver
Workers compensation attorney Denver,local workers compensation attorney Denver
Workers compensation attorney Denver,affordable workers compensation attorney Denver
Workers compensation attorney Denver,workers compensation law firm Denver
Workers compensation attorney Denver,hire a workers compensation attorney in Denver
Workers compensation attorney Denver,experienced workers compensation attorney Denver
Wrongful termination lawyer Denver,wrongful termination lawyer Denver
Wrongful termination lawyer Denver,wrongful termination attorney in Denver
Wrongful termination lawyer Denver,employment lawyer for wrongful termination Denver
Wrongful termination lawyer Denver,best wrongful termination lawyer near Denver
Wrongful termination lawyer Denver,find a wrongful termination lawyer in Denver
Wrongful termination lawyer Denver,how to get a wrongful termination attorney in Denver
Wrongful termination lawyer Denver,top wrongful termination attorneys in Denver
Wrongful termination lawyer Denver,wrongful dismissal lawyer Denver
Wrongful termination lawyer Denver,hire a lawyer for wrongful termination Denver
Wrongful termination lawyer Denver,wrongful termination legal help Denver
Wrongful termination lawyer Denver,free consultation wrongful termination lawyer Denver
Wrongful termination lawyer Memphis,wrongful termination lawyer Memphis
Wrongful termination lawyer Memphis,wrongful termination attorney in Memphis
Wrongful termination lawyer Memphis,employment lawyer for wrongful termination Memphis
Wrongful termination lawyer Memphis,best wrongful termination lawyer near Memphis
Wrongful termination lawyer Memphis,find a wrongful termination lawyer in Memphis
Wrongful termination lawyer Memphis,how to get a wrongful termination attorney in Memphis
Wrongful termination lawyer Memphis,top wrongful termination attorneys in Memphis
Wrongful termination lawyer Memphis,wrongful dismissal lawyer Memphis
Wrongful termination lawyer Memphis,hire a lawyer for wrongful termination Memphis
Wrongful termination lawyer Memphis,wrongful termination legal help Memphis
Wrongful termination lawyer Memphis,free consultation wrongful termination lawyer Memphis
Wrongful termination lawyer Miami,wrongful termination lawyer Miami
Wrongful termination lawyer Miami,wrongful termination attorney in Miami
Wrongful termination lawyer Miami,employment lawyer for wrongful termination Miami
Wrongful termination lawyer Miami,best wrongful termination lawyer near Miami
Wrongful termination lawyer Miami,find a wrongful termination lawyer in Miami
Wrongful termination lawyer Miami,how to get a wrongful termination attorney in Miami
Wrongful termination lawyer Miami,top wrongful termination attorneys in Miami
Wrongful termination lawyer Miami,wrongful dismissal lawyer Miami
Wrongful termination lawyer Miami,hire a lawyer for wrongful termination Miami
Wrongful termination lawyer Miami,wrongful termination legal help Miami
Wrongful termination lawyer Miami,free consultation wrongful termination lawyer Miami
eHarmony vs Match,eHarmony vs Match for seniors
eHarmony vs Match,Is eHarmony or Match better for seniors?
eHarmony vs Match,eHarmony vs Match: which is best for seniors
eHarmony vs Match,best dating site for seniors — eHarmony or Match
eHarmony vs Match,eHarmony or Match for older singles
eHarmony vs Match,Match vs eHarmony for people over 60
eHarmony vs Match,compare eHarmony and Match for senior dating
eHarmony vs Match,which is better for seniors: eHarmony or Match
eHarmony vs Match,eHarmony vs Match reviews for seniors
eHarmony vs Match,eHarmony or Match pros and cons for seniors
eHarmony vs Match,dating over 50: eHarmony vs Match
